{"auditUser":"isidro.omenac","auditIp":"159.147.39.148","auditTimestamp":"2020-05-18 12:28:14","creationTS":1588843601169,"id":"5eb3d451e4b08994675a2580","uniqueId":"5eb3d451e4b08994675a2581","removedTimestamp":0,"name":"robot-snippet-generic-queue-manager-filler","spokenName":"","expressions":{},"environment":{"items_per_robot":"2"},"variables":{},"itemsName":"files","description":" * Robot that searches the files in the folder given by parameters and maps them to elements in the queue, setting the key and empty functional data. First, the robot checks if there is a queue with today's date. If the queue exists, the robot assigns it to itself. If not, the robot creates it and assigns it to itself. Then, it checks if a file was previously added to the queue, and if it was not added, the robot adds it. Finally, the robot finishes, leaving the queue in a pending state.","involvedSystems":"","inputExpected":"","outputExpected":"","disabled":false,"testing":false,"minimumLogLevel":"TRACE","priority":"NORMAL","simultaneousRunning":0,"restrictHours":false,"restrictHoursSchedule":{"auditUser":null,"auditIp":null,"auditTimestamp":null,"creationTS":1589804894967,"id":null,"robotName":null,"description":"","active":false,"color":"#000000","minutes":{"type":"WHEN","every":0,"whenText":null,"when":[]},"hours":{"type":"WHEN","every":0,"whenText":null,"when":[]},"days":{"type":"WHEN","every":0,"whenText":null,"when":[]},"daysOfWeek":{"type":"WHEN","every":0,"whenText":null,"when":[]},"instructions":[],"executionsToLaunch":1},"removeOldArtifacts":0,"removeOldArtifactsTimestamp":-1,"subResultTexts":{"RED":"","CYAN":"","LIME":"","CORAL":"","OLIVE":"","INDIGO":"","MAGENTA":"","CHOCOLATE":"","DARK_GRAY":"","LIGHT_GRAY":""},"lastExecution":1589527554423,"lastRobotLogId":"10259","robotBuilderConfig":{"auditUser":null,"auditIp":null,"auditTimestamp":null,"creationTS":1588843601169,"id":null,"repository":"https://rpa-coe-lab.appiancloud.com/rpa-repo/repository/jidoka/","group":"com.appian.rpa.snippets.examples","robot":"robot-snippet-generic-queue-manager-filler","version":"0.0.1","url":null,"mainClass":"com.appian.snippets.examples.FillQueueRobot","removedTimestamp":0,"color":"#000000","labels":["snippet-official"],"instructions":[{"name":"folder","description":"inputFiles","type":"STRING","defaultValue":"inputFiles","required":true}],"technology":"JAVA","autoHotkey":{"executable":"","version":""},"autoIt":{"executable":"","version":""},"persist":true},"labels":["snippet-official"]}