{"auditUser":"isidro.omenac","auditIp":"159.147.39.148","auditTimestamp":"2020-05-18 12:28:14","creationTS":1589804894977,"id":"5eb3d451e4b08994675a2580","removedTimestamp":0,"shapes":[{"id":"awe-key-f-Main1","type":"ELLIPSE","x":100,"y":125,"width":50,"height":50,"text":"Start","action":null,"parameters":null,"returnClazz":null,"actions":[{"action":"init","paramsValues":[],"returnClazz":""}]},{"id":"awe-key-f-Main17","type":"ELLIPSE","x":471,"y":291,"width":50,"height":50,"text":"End","action":null,"parameters":null,"returnClazz":null,"actions":[{"action":"end","paramsValues":[],"returnClazz":""}]},{"id":"awe-key-f-Main33","type":"RECT","x":251,"y":75,"width":100,"height":100,"text":"Create Queue |If Not Exists","action":null,"parameters":null,"returnClazz":null,"actions":[{"action":"checkIfQueueExists","paramsValues":[],"returnClazz":""}]},{"id":"awe-key-f-Main49","type":"RECT","x":643,"y":75,"width":100,"height":100,"text":"Add New |Items","action":null,"parameters":null,"returnClazz":null,"actions":[{"action":"addNewItems","paramsValues":[],"returnClazz":""}]},{"id":"awe-key-f-Main65","type":"RHOMB","x":471,"y":65,"width":127,"height":120,"text":"Has New |Items |To Add?","action":null,"parameters":null,"returnClazz":null,"actions":[{"action":"hasNewItemsToAdd","paramsValues":[],"returnClazz":""}]}],"arrows":[{"origin":"awe-key-f-Main1","originSide":"E","destination":"awe-key-f-Main33","destinationSide":"W","text":""},{"origin":"awe-key-f-Main33","originSide":"E","destination":"awe-key-f-Main65","destinationSide":"W","text":""},{"origin":"awe-key-f-Main65","originSide":"N","destination":"awe-key-f-Main49","destinationSide":"N","text":"yes"},{"origin":"awe-key-f-Main49","originSide":"W","destination":"awe-key-f-Main65","destinationSide":"E","text":""},{"origin":"awe-key-f-Main65","originSide":"S","destination":"awe-key-f-Main17","destinationSide":"N","text":"no"}],"notes":[],"sections":[],"libraries":[],"persist":true}