{"auditUser":"dev.lab.admin","auditIp":"37.222.85.182, 172.17.202.23","auditTimestamp":"2020-05-14 07:42:54","creationTS":1588234643395,"id":"5eb28d91e4b08994675a251a","uniqueId":"5eb28d91e4b08994675a251b","removedTimestamp":0,"name":"robot-snippet-credentials","spokenName":"","expressions":{},"environment":{},"variables":{},"itemsName":"items","description":"The Credentials Robot provides a complete usage example from all the CredentialsUtils snippet methods. The robot will retrieve three existent credentials (Username + Password) associated to the application \"TEST_ROBOT\". In case that these three credentials were not previously created in the console side, the application will throw an exception.\r\n","involvedSystems":"","inputExpected":"","outputExpected":"","disabled":false,"testing":false,"minimumLogLevel":"TRACE","priority":"NORMAL","simultaneousRunning":0,"restrictHours":false,"restrictHoursSchedule":{"auditUser":null,"auditIp":null,"auditTimestamp":null,"creationTS":1589442173997,"id":null,"robotName":null,"description":"","active":false,"color":"#000000","minutes":{"type":"WHEN","every":0,"whenText":null,"when":[]},"hours":{"type":"WHEN","every":0,"whenText":null,"when":[]},"days":{"type":"WHEN","every":0,"whenText":null,"when":[]},"daysOfWeek":{"type":"WHEN","every":0,"whenText":null,"when":[]},"instructions":[],"executionsToLaunch":1},"removeOldArtifacts":0,"removeOldArtifactsTimestamp":-1,"subResultTexts":{"RED":"","CYAN":"","LIME":"","CORAL":"","OLIVE":"","INDIGO":"","MAGENTA":"","CHOCOLATE":"","DARK_GRAY":"","LIGHT_GRAY":""},"lastExecution":1589283154787,"lastRobotLogId":"10136","robotBuilderConfig":{"auditUser":null,"auditIp":null,"auditTimestamp":null,"creationTS":1588234643395,"id":null,"repository":"https://rpa-coe-lab.appiancloud.com/rpa-repo/repository/jidoka/","group":"com.appian.rpa.snippets.examples","robot":"robot-snippet-credentials","version":"0.0.3","url":null,"mainClass":"com.appian.rpa.snippets.examples.credentials.CredentialsRobot","removedTimestamp":0,"color":"#000000","labels":["isidro.omenac","javier.advani"],"instructions":[],"technology":"JAVA","autoHotkey":{"executable":"","version":""},"autoIt":{"executable":"","version":""},"persist":true},"labels":["isidro.omenac","javier.advani"]}