{"auditUser":"dev.lab.admin","auditIp":"37.222.85.182","auditTimestamp":"2020-05-12 07:54:04","creationTS":1589270044055,"id":"5eb3d337e4b08994675a2575","removedTimestamp":0,"shapes":[{"id":"awe-key-f-Main1","type":"ELLIPSE","x":230,"y":290,"width":50,"height":50,"text":"start","action":null,"parameters":null,"returnClazz":null,"actions":[{"action":"start","paramsValues":[],"returnClazz":""}]},{"id":"awe-key-f-Main17","type":"ELLIPSE","x":1209,"y":290,"width":50,"height":50,"text":"end","action":null,"parameters":null,"returnClazz":null,"actions":[{"action":"end","paramsValues":[],"returnClazz":""}]},{"id":"awe-key-f-Main33","type":"RECT","x":346,"y":240,"width":100,"height":100,"text":"open Browser","action":null,"parameters":null,"returnClazz":null,"actions":[{"action":"openBrowser","paramsValues":[],"returnClazz":""}]},{"id":"awe-key-f-Main49","type":"RECT","x":1009,"y":240,"width":100,"height":100,"text":"close Browser","action":null,"parameters":null,"returnClazz":null,"actions":[{"action":"close","paramsValues":[],"returnClazz":""}]},{"id":"awe-key-f-Main65","type":"RECT","x":507,"y":240,"width":100,"height":100,"text":"Navigate |To Web","action":null,"parameters":null,"returnClazz":null,"actions":[{"action":"navigateToWeb","paramsValues":[],"returnClazz":""}]},{"id":"awe-key-f-Main81","type":"RECT","x":667,"y":240,"width":100,"height":100,"text":"search|information","action":null,"parameters":null,"returnClazz":null,"actions":[{"action":"searchInformation","paramsValues":[],"returnClazz":""}]},{"id":"awe-key-f-Main97","type":"RECT","x":837,"y":240,"width":100,"height":100,"text":"show |search result","action":null,"parameters":null,"returnClazz":null,"actions":[{"action":"printWebResultInConsole","paramsValues":[],"returnClazz":""}]}],"arrows":[{"origin":"awe-key-f-Main1","originSide":"E","destination":"awe-key-f-Main33","destinationSide":"W","text":""},{"origin":"awe-key-f-Main49","originSide":"E","destination":"awe-key-f-Main17","destinationSide":"W","text":""},{"origin":"awe-key-f-Main33","originSide":"E","destination":"awe-key-f-Main65","destinationSide":"W","text":""},{"origin":"awe-key-f-Main65","originSide":"E","destination":"awe-key-f-Main81","destinationSide":"W","text":""},{"origin":"awe-key-f-Main81","originSide":"E","destination":"awe-key-f-Main97","destinationSide":"W","text":""},{"origin":"awe-key-f-Main97","originSide":"E","destination":"awe-key-f-Main49","destinationSide":"W","text":""}],"notes":[],"sections":[],"libraries":[],"persist":true}