{"robotConfiguration":"robotConfiguration.zip","robotMavenArtifact":"robot.jar","robotMavenArtifactPom":"robot.pom","robotMavenCoordinates":"com.appian.rpa.snippets.examples:robot-snippet-application-manager:jar:7.4.0","registeredLibraries":"registeredLibraries","mavenDependencies":"mavenDependencies","sourceVersion":"7.4.0","mavenDependenciesDescriptor":"mavenDependenciesDescriptor.json","registeredLibrariesDescriptor":"registeredLibrariesDescriptor.json","credentialsDescriptor":"credentials.json"}