{"auditUser":"irene.monge","auditIp":"83.58.198.241","auditTimestamp":"2020-05-19 11:56:12","creationTS":1588673035857,"id":"5eb13a0be4b08994675a24be","uniqueId":"5eb13a0be4b08994675a24bf","removedTimestamp":0,"name":"robot-snippet-3270-manager","spokenName":"Robot 3270 Commons","expressions":{},"environment":{},"variables":{},"itemsName":"none","description":"IBM3270 Manager Robot provides a complete usage example from all the correspondent snippet methods. It opens a IBM3270 terminal using the emulator indicated as the robot's parameter, goes to a menu page and tries to change the user's password. \r\nFinally the robot closes the emulator. ","involvedSystems":"IBM Personal Communications, WC3270","inputExpected":"None","outputExpected":"None","disabled":false,"testing":false,"minimumLogLevel":"TRACE","priority":"NORMAL","simultaneousRunning":0,"restrictHours":false,"restrictHoursSchedule":{"auditUser":null,"auditIp":null,"auditTimestamp":null,"creationTS":1589884757268,"id":null,"robotName":null,"description":"","active":false,"color":"#000000","minutes":{"type":"WHEN","every":0,"whenText":null,"when":[]},"hours":{"type":"WHEN","every":0,"whenText":null,"when":[]},"days":{"type":"WHEN","every":0,"whenText":null,"when":[]},"daysOfWeek":{"type":"WHEN","every":0,"whenText":null,"when":[]},"instructions":[],"executionsToLaunch":1},"removeOldArtifacts":0,"removeOldArtifactsTimestamp":-1,"subResultTexts":{"RED":"","CYAN":"","LIME":"","CORAL":"","OLIVE":"","INDIGO":"","MAGENTA":"","CHOCOLATE":"","DARK_GRAY":"","LIGHT_GRAY":""},"lastExecution":1589889372633,"lastRobotLogId":"10377","robotBuilderConfig":{"auditUser":null,"auditIp":null,"auditTimestamp":null,"creationTS":1588673035857,"id":null,"repository":"https://rpa-coe-lab.appiancloud.com/rpa-repo/repository/jidoka/","group":"com.appian.rpa.snippets.examples","robot":"robot-snippet-3270-manager","version":"0.0.1","url":null,"mainClass":"com.appian.rpa.snippets.examples.IBM3270ManagerRobot","removedTimestamp":0,"color":"#000000","labels":["lab","irene.monge","snippet-official"],"instructions":[{"name":"Emulator","description":"3270 Emulator","type":"COMBO","defaultValue":"PCOMM, wc3270","required":false}],"technology":"JAVA","autoHotkey":{"executable":"","version":""},"autoIt":{"executable":"","version":""},"persist":true},"labels":["lab","irene.monge","snippet-official"]}