{"auditUser":"irene.monge","auditIp":"83.58.198.241","auditTimestamp":"2020-05-15 07:59:38","creationTS":1589529578818,"id":"5eb13a0be4b08994675a24be","removedTimestamp":0,"shapes":[{"id":"awe-key-f-Main1","type":"ELLIPSE","x":55,"y":199,"width":50,"height":50,"text":"Start","action":null,"parameters":null,"returnClazz":null,"actions":[{"action":"init","paramsValues":[],"returnClazz":""}]},{"id":"awe-key-f-Main17","type":"ELLIPSE","x":756,"y":199,"width":50,"height":50,"text":"End","action":null,"parameters":null,"returnClazz":null,"actions":[{"action":"end","paramsValues":[],"returnClazz":""}]},{"id":"awe-key-f-Main33","type":"RECT","x":157,"y":149,"width":100,"height":100,"text":"Open|3270","action":null,"parameters":null,"returnClazz":null,"actions":[{"action":"open3270","paramsValues":[],"returnClazz":""}]},{"id":"awe-key-f-Main49","type":"RECT","x":572,"y":149,"width":100,"height":100,"text":"Close|3270","action":null,"parameters":null,"returnClazz":null,"actions":[{"action":"close3270","paramsValues":[],"returnClazz":""}]},{"id":"awe-key-f-Main65","type":"RECT","x":297,"y":149,"width":100,"height":100,"text":"Go to |Netview","action":null,"parameters":null,"returnClazz":null,"actions":[{"action":"goToNetView","paramsValues":[],"returnClazz":""}]},{"id":"awe-key-f-Main81","type":"RECT","x":436,"y":149,"width":100,"height":100,"text":"Change |NetView|Password","action":null,"parameters":null,"returnClazz":null,"actions":[{"action":"changePassword","paramsValues":[],"returnClazz":""}]}],"arrows":[{"origin":"awe-key-f-Main1","originSide":"E","destination":"awe-key-f-Main33","destinationSide":"W","text":""},{"origin":"awe-key-f-Main49","originSide":"E","destination":"awe-key-f-Main17","destinationSide":"W","text":""},{"origin":"awe-key-f-Main65","originSide":"E","destination":"awe-key-f-Main81","destinationSide":"W","text":""},{"origin":"awe-key-f-Main81","originSide":"E","destination":"awe-key-f-Main49","destinationSide":"W","text":""},{"origin":"awe-key-f-Main33","originSide":"E","destination":"awe-key-f-Main65","destinationSide":"W","text":""}],"notes":[],"sections":[],"libraries":[],"persist":true}