{"auditUser":"victor.diaz","auditIp":"85.137.9.248","auditTimestamp":"2020-05-13 10:11:39","creationTS":1588929643056,"id":"5eb5246be4b08994675a25f6","uniqueId":"5eb5246be4b08994675a25f7","removedTimestamp":0,"name":"robot-application-manager","spokenName":"","expressions":{},"environment":{},"variables":{},"itemsName":"applications","description":"Application Manager Robot provides a complete usage example from all the correspondent snippet methods. It basically opens a blank notepad, maximise the window, then opens the calculator, and then set the blank notepad as foreground application. \r\n\r\nAfter these actions, all the applications are closed if nothing went wrong during the process.","involvedSystems":"notepad, calculator","inputExpected":"nothing","outputExpected":"nothing","disabled":false,"testing":false,"minimumLogLevel":"TRACE","priority":"NORMAL","simultaneousRunning":0,"restrictHours":false,"restrictHoursSchedule":{"auditUser":null,"auditIp":null,"auditTimestamp":null,"creationTS":1589364690699,"id":null,"robotName":null,"description":"","active":false,"color":"#000000","minutes":{"type":"WHEN","every":0,"whenText":null,"when":[]},"hours":{"type":"WHEN","every":0,"whenText":null,"when":[]},"days":{"type":"WHEN","every":0,"whenText":null,"when":[]},"daysOfWeek":{"type":"WHEN","every":0,"whenText":null,"when":[]},"instructions":[],"executionsToLaunch":1},"removeOldArtifacts":0,"removeOldArtifactsTimestamp":-1,"subResultTexts":{"RED":"","CYAN":"","LIME":"","CORAL":"","OLIVE":"","INDIGO":"","MAGENTA":"","CHOCOLATE":"","DARK_GRAY":"","LIGHT_GRAY":""},"lastExecution":1589364699568,"lastRobotLogId":"10184","robotBuilderConfig":{"auditUser":null,"auditIp":null,"auditTimestamp":null,"creationTS":1588929643056,"id":null,"repository":"https://rpa-coe-lab.appiancloud.com/rpa-repo/repository/jidoka/","group":"com.appian.rpa.snippets.examples","robot":"robot-snippet-application-manager","version":"1.0.0","url":null,"mainClass":"com.appian.rpa.snippets.examples.applicationmanager.ApplicationManagerRobot","removedTimestamp":0,"color":"#000000","labels":["snippet-official","javier.advani","victor.diaz"],"instructions":[],"technology":"JAVA","autoHotkey":{"executable":"","version":""},"autoIt":{"executable":"","version":""},"persist":true},"labels":["snippet-official","javier.advani","victor.diaz"]}