{"auditUser":"victor.diaz","auditIp":"85.137.9.248","auditTimestamp":"2020-05-13 10:11:30","creationTS":1589364690717,"id":"5eb5246be4b08994675a25f6","removedTimestamp":0,"shapes":[{"id":"awe-key-f-Main1","type":"ELLIPSE","x":70,"y":104,"width":50,"height":50,"text":"start","action":null,"parameters":null,"returnClazz":null,"actions":[{"action":"start","paramsValues":[],"returnClazz":""}]},{"id":"awe-key-f-Main17","type":"ELLIPSE","x":1028,"y":104,"width":50,"height":50,"text":"end","action":null,"parameters":null,"returnClazz":null,"actions":[{"action":"end","paramsValues":[],"returnClazz":""}]},{"id":"awe-key-f-Main33","type":"RECT","x":187,"y":54,"width":100,"height":100,"text":"Open|Calculator","action":null,"parameters":null,"returnClazz":null,"actions":[{"action":"openCalculator","paramsValues":[],"returnClazz":""}]},{"id":"awe-key-f-Main49","type":"RECT","x":337,"y":54,"width":100,"height":100,"text":"Open |Notepad","action":null,"parameters":null,"returnClazz":null,"actions":[{"action":"openNotepad","paramsValues":[],"returnClazz":""}]},{"id":"awe-key-f-Main65","type":"RECT","x":494,"y":54,"width":100,"height":100,"text":"Calculator As|Foreground","action":null,"parameters":null,"returnClazz":null,"actions":[{"action":"setCalculatorAsForegroundApp","paramsValues":[],"returnClazz":""}]},{"id":"awe-key-f-Main81","type":"RECT","x":648,"y":54,"width":100,"height":100,"text":"Close |Calculator","action":null,"parameters":null,"returnClazz":null,"actions":[{"action":"closeCalculator","paramsValues":[],"returnClazz":""}]},{"id":"awe-key-f-Main97","type":"RECT","x":808,"y":54,"width":100,"height":100,"text":"Close |Notepad","action":null,"parameters":null,"returnClazz":null,"actions":[{"action":"closeNotepad","paramsValues":[],"returnClazz":""}]}],"arrows":[{"origin":"awe-key-f-Main1","originSide":"E","destination":"awe-key-f-Main33","destinationSide":"W","text":""},{"origin":"awe-key-f-Main33","originSide":"E","destination":"awe-key-f-Main49","destinationSide":"W","text":""},{"origin":"awe-key-f-Main49","originSide":"E","destination":"awe-key-f-Main65","destinationSide":"W","text":""},{"origin":"awe-key-f-Main65","originSide":"E","destination":"awe-key-f-Main81","destinationSide":"W","text":""},{"origin":"awe-key-f-Main81","originSide":"E","destination":"awe-key-f-Main97","destinationSide":"W","text":""},{"origin":"awe-key-f-Main97","originSide":"E","destination":"awe-key-f-Main17","destinationSide":"W","text":""}],"notes":[],"sections":[],"libraries":[],"persist":true}