{"id":"Compensaciones","robotType":"ROBOT","mainClass":"com.deloitte.jidoka.lopesan.dtt_lopesan_compensaciones_evol.Compensaciones","actions":["inicio","lecturaCartasPago","iniciarSAP","sapAbrirTransaccionF32","sapF32CompensarDeudorDatosCabecera","sapF32CompensarDeudorProcesarPartidasAbiertas","asientoPorElPago","rellenarArrayFacturas","sapF32IntroducirImportesFacturas","sapf32IrAVisualizarResumenYCompensar","volverAPantallaPrincipal","pendienteAAsignar","comisionesBancarias","apunteContable","postImputar","contabilizar","enviarInformeUsuario","fin"],"conditionalActions":["quedanCartasPorProcesar","estaPago","quedanFacturasPorProcesar","quedanFacturasPorCompensar","leerCampoSinAsignar"],"fieldLinks":[{"fieldName":"waitFor","fieldLinkValue":"::waitFor"}],"actionDetails":[{"id":"inicio","implementation":"/**\n\t * Metodo utilizado para la inicializacion de las variables utilizadas por el\n\t * Robot\n\t * @throws IOException \n\t * @throws GeneralSecurityException \n\t * @throws SystemException \n\t */\npublic void inicio() throws SystemException {\n    server = JidokaFactory.getServer();\n    windows = IWindows.getInstance(this);\n    waitFor = windows.waitFor(this);\n    windows.defaultPause(PAUSE);\n    windows.mousePause(PAUSE);\n    windows.characterPause(CHARACTER_PAUSE);\n    windows.typingPause(TYPING_PAUSE);\n    //escribirInfoEjecucion();\n    currentItem = 0;\n    contadorCartaPago = 0;\n    numberOfCartasPago = 0;\n    sinAsignar = 0.0;\n    stringSinAsignar = \"\";\n    fichero = \"\";\n    casuisticas = new  HashMap<String, List<Casuistica>>();\n    mapaTTOO = new  HashMap<String, List<String>>();\n    numeroEjecucion = String.valueOf(server.getExecution(0).getCurrentExecution().getExecutionNumber());\n    server.info(\"El numero de ejecucion es >> \" + numeroEjecucion);\n    robotParameters = new  RobotParameters(server);\n    server.info(\"Parametros del robot\");\n    server.info(robotParameters.getPathBase());\n    //sap\n    sapControl = new  SapBasicControl(this, windows, server, waitFor);\n    sapControl.setSapCredentials(robotParameters.getSapCredentials());\n    environmentVariables = server.getEnvironmentVariables();\n    mail = new  LopesanMail(server);\n    coordUtil = CoordinatesUtil.getInstance();\n    cartasPago = new  ArrayList<CartaPago>();\n    cartasPagoErroneas = new  ArrayList<CartaPago>();\n    facturasAMarcar = new  ArrayList<String>();\n    facturasACompensar = new  ArrayList<Factura>();\n    excelDrive = new  ExcelDrive(server);\n    cargaTTOO();\n    cargaCasuisticas();\n    /*\t\t\n * Pruebas para rangos\n * \n * server.debug(\"RANGOS-------------------------\");\n * excelDrive.getRangos();\n * server.debug(\"fin rangos ---------------------------\");\n*/\n    mensajeDeError = \"\";\n    noHayPartidasAbiertas = false;\n}"},{"id":"lecturaCartasPago","implementation":"public void lecturaCartasPago() throws SystemException, BusinessException {\n    // Lo primero que vamos a hacer es conectarnos al correo electronico e ir\n    // descargando los pdfs por TTOO y compaÃ±ia\n    server.info(\"Inicio lectura Cartas de pago\");\n    // Descargamos la lista de TTOO de excel\n    List<String> listaTTOO = excelDrive.listaTTOO();\n    // Primero se pasan todos los TTOO\n    for (String nombreTTOO : listaTTOO) {\n        mail.leerCorreo(robotParameters, nombreTTOO);\n    }\n    // Segundo se pasa el INBOX por si la regla no ha podido mover alguno de los\n    // robots, el parametro INBOX los metera para el tratamiento generico\n    server.info(\"Inicio lectura Cartas de pago en INBOX\");\n    mail.leerCorreo(robotParameters, Constantes.INBOX);\n    server.info(\"Hay \" + mail.getNumCorreos() + \" numero de Correos pendientesS\");\n    // vamos a tener tantas cartas de pago como ficheros en los correos // Antes: tantos items como ficheros\n    numberOfCartasPago = mail.getRutaYCuerpo().size() + mail.getGenerico().size();\n    //\t\tserver.setNumberOfItems(mail.getRutaYCuerpo().size() + mail.getGenerico().size());\n    server.info(\"Numero de cartas de pago: \" + numberOfCartasPago);\n    //\t\tCartaPago x1 = null; // PARA QUE NO DE NULLPOINTER AL NO LEER BIEN EL PDF POR EJEMPLO \n    CartaPago x1 = new  CartaPago();\n    // PARA QUE NO PETE POR NULLPOINTER AL NO HABER LEIDO LA CARTA CORRECTAMENTE \n    currentCartaPago = x1;\n    String touroperador = \"\";\n    if (!mail.getRutaYCuerpo().isEmpty()) {\n        server.info(\"Hay correos\");\n        @SuppressWarnings(\"rawtypes\") //Iteramos por el hasmap tomando como clave el fichero a procesar y como valor el nombre del TTOO\n        Iterator it = mail.getRutaYCuerpo().entrySet().iterator();\n        while (it.hasNext()) {\n            @SuppressWarnings(\"rawtypes\") Map.Entry pair = (Map.Entry) it.next();\n            String clave = (String) pair.getKey();\n            String value = (String) pair.getValue();\n            // Aqui vamos a buscar si tiene TTOO el correo leido\n            // Para ello buscamos en el hashmap el valor que coincida con la calve del\n            // nombre de fichero\n            String touroperadorCorreo = mail.getCartasDePago().get(clave);\n            server.info(\"Segun el Correo el TTOO es:\" + touroperadorCorreo);\n            //\t\t\t\tString fichero = clave;\n            fichero = clave;\n            if (fichero.toLowerCase().contains(\".pdf\")) {\n                server.info(\"Hay fichero y es un PDF\");\n                if (touroperadorCorreo.equalsIgnoreCase(Constantes.INBOX)) {\n                    server.info(Constantes.LACARPETAERAINBOX);\n                    touroperador = busquedaTTOOOCR(fichero);\n                    server.info(Constantes.ELNUEVOTTOOBUSCADO + touroperador);\n                } else {\n                    server.info(Constantes.LACARPETANOERAINBOX);\n                    touroperador = touroperadorCorreo;\n                }\n                x1 = tratamientoPDF(clave, touroperador);\n            } else if (fichero.toLowerCase().contains(\".xls\")) {\n                server.info(\"Hay fichero y es un Excel\");\n                if (touroperadorCorreo.equalsIgnoreCase(Constantes.INBOX)) {\n                    server.info(Constantes.LACARPETAERAINBOX);\n                    touroperador = busquedaTTOOExcel(fichero);\n                    server.info(Constantes.ELNUEVOTTOOBUSCADO + touroperador);\n                } else {\n                    server.info(Constantes.LACARPETANOERAINBOX);\n                    touroperador = touroperadorCorreo;\n                }\n                x1 = tratamientoExcel(clave, touroperador);\n            } else if (fichero.toLowerCase().contains(\".doc\")) {\n                server.info(\"Hay fichero y es Word\");\n                if (touroperadorCorreo.equalsIgnoreCase(Constantes.INBOX)) {\n                    server.info(Constantes.LACARPETAERAINBOX);\n                    touroperador = busquedaTTOOWord(fichero);\n                    server.info(Constantes.ELNUEVOTTOOBUSCADO + touroperador);\n                } else {\n                    server.info(Constantes.LACARPETANOERAINBOX);\n                    touroperador = touroperadorCorreo;\n                }\n                x1 = tratamientoWord(clave, touroperador);\n            } else // Los casos son TUI SVERIGE y VIAJES EL CORTE INGLES\n            if (value.contains(\"TUI Sverige\") || value.contains(\"Tui Sverige\") || value.contains(\"TUI SVERIGE\") || clave.contains(Constantes.TUISVERIGE)) {\n                server.info(Constantes.TTOOES + Constantes.TUISVERIGE);\n                server.info(value);\n                x1 = tratamientoTextoPlano(value, fichero, Constantes.TUISVERIGE);\n            } else if (value.contains(\"VIAJES EL CORTE INGLES\") || value.contains(\"CORTE INGLES\") || value.contains(\"Corte Ingles\")) {\n                server.info(Constantes.TTOOES + touroperador);\n                x1 = tratamientoTextoPlano(value, fichero, Constantes.VIAJESELCORTEINGLES);\n            } else if (// caso nullpointer por png\n            fichero.toLowerCase().contains(\".png\")) {\n                server.debug(\"No deberia entrar, deberia haberse gestionado en leermail\");\n                server.warn(\"FICHERO ERRONEO PNG\");\n                //\t\t\t\t\tx1 igual a null // evitamos null \n                throw new  BusinessException(\"Error png\", \"\", false);\n            } else {\n                server.warn(\"Fichero: \" + fichero);\n                server.error(\"Fichero adjunto irreconocible, seguramente CSV cuando deberia ser pdf (tui uk? suelen enviar una copia en csv)\");\n                throw new  BusinessException(\"Error tipo de fichero no contemplado\", \"\", false);\n            }\n            if (// modificacion porque petaba por nullpointer y no estaba controlado para algunos ttoo \n            x1 != null) {\n                otros = x1.getOtros();\n                server.info(\"otros es \" + otros);\n                if (otros > 0 && x1.getSaldosDeposito().size() == 0) {\n                    Factura fact1 = new  Factura(\"Pagado de Mas\", Constantes.MINUSOTROS, Double.toString(otros).replace(\".\", \",\"), Constantes.REVISARLINEANOIDENTIFICADA);\n                    x1.addFactura(fact1);\n                } else if (otros < 0 && x1.getSaldosDeposito().size() == 0) {\n                    Factura fact1 = new  Factura(\"Pagado de Menos\", Constantes.MINUSOTROS, Double.toString(otros).replace(\".\", \",\"), Constantes.REVISARLINEANOIDENTIFICADA);\n                    x1.addFactura(fact1);\n                }\n                List<Factura> listafact = x1.getFacturas();\n                for (Factura fact : listafact) {\n                    server.info(\"El tipo de la factura es: \" + fact.getTipo() + \" con id: \" + fact.getIdentificador() + Constantes.CONIMPORTE + fact.getImporte());\n                }\n                if (!x1.getSociedad().equalsIgnoreCase(\"\") && !x1.getTtooAcreedor().equalsIgnoreCase(\"\")) {\n                    cartasPago.add(x1);\n                } else {\n                    try {\n                        server.info(\"La sociedad o el TTOO no han sido reconocidos correctamente\");\n                        server.info(Constantes.CONST_CONT_CARTASP + contadorCartaPago + \"nombreDoc: \" + x1.getNombreDocumento());\n                        x1.setCorrecto(false);\n                        cartasPago.add(x1);\n                        cartasPagoErroneas.add(x1);\n                        throw new  BusinessException(\"No se ha obtenido TTOO o sociedad, carta de pago erronea\", \"fin\", false);\n                    } catch (Exception e) {\n                        throw new  SystemException(\"Ha habido un error al anyadir cartadepago/cartadepagoerronea\", e, \"fin\", false);\n                    }\n                }\n            } else {\n                server.warn(\"------ Carta de pago null, no hemos podido obtener valor de OTROS\");\n            }\n        }\n    } else {\n        server.info(\"No hay correos en las carpetas random\");\n    }\n    if (!mail.getGenerico().isEmpty()) {\n        @SuppressWarnings(\"rawtypes\") Iterator it = mail.getGenerico().entrySet().iterator();\n        while (it.hasNext()) {\n            @SuppressWarnings(\"rawtypes\") Map.Entry pair = (Map.Entry) it.next();\n            String clave = (String) pair.getKey();\n            String fichero = clave;\n            if (fichero.toLowerCase().contains(\".xlsx\")) {\n                server.info(\"Se reconoce TTOO generico y se comienza a tratar\");\n                x1 = tratamientoGenerico(clave, Constantes.GENERICO);\n                server.info(\"Informacion carta Pago generica\");\n                server.info(x1.getNombreDocumento());\n                server.info(x1.getSociedad());\n                server.info(x1.getImporte());\n                otros = x1.getOtros();\n                server.info(Constantes.MINUSOTROS + \" es \" + otros);\n                if (otros > 0 && x1.getSaldosDeposito().size() == 0) {\n                    Factura fact1 = new  Factura(\"Pagado de Mas\", \"otros\", Double.toString(otros).replace(\".\", \",\"), Constantes.REVISARLINEANOIDENTIFICADA);\n                    x1.addFactura(fact1);\n                } else if (otros < 0 && x1.getSaldosDeposito().size() == 0) {\n                    Factura fact1 = new  Factura(\"Pagado de Menos\", \"otros\", Double.toString(otros).replace(\".\", \",\"), Constantes.REVISARLINEANOIDENTIFICADA);\n                    x1.addFactura(fact1);\n                }\n            } else {\n                server.info(\"El fichero no es excel, no serÃ¡ tratado como generico\");\n                server.info(Constantes.CONST_CONT_CARTASP + contadorCartaPago + \"Fichero No Reconocido Como Excel para generico\");\n                // se han cambiado los items \t\t\t\t\t\n                x1.setCorrecto(false);\n                cartasPago.add(x1);\n                cartasPagoErroneas.add(x1);\n            }\n            //Aqui no se controla el acreedor porque no suele venir en las cartas genericas\n            if (!x1.getSociedad().equalsIgnoreCase(\"\")) {\n                server.info(\"Se aÃ±ade la carta de pago\");\n                cartasPago.add(x1);\n            } else {\n                try {\n                    server.info(\"La sociedad o el TTOO no han sido reconocidos correctamente\");\n                    server.info(Constantes.CONST_CONT_CARTASP + contadorCartaPago + \"nombreDoc: \" + x1.getNombreDocumento());\n                    x1.setCorrecto(false);\n                    ;\n                    cartasPago.add(x1);\n                    cartasPagoErroneas.add(x1);\n                } catch (Exception e) {\n                    server.error(\"ERROR\", e);\n                    throw new  SystemException(\"Ha habido un error al anyadir cartadepago/cartadepagoerronea 2\", e, \"fin\", false);\n                }\n            }\n        }\n    } else {\n        server.info(\"No hay correos en el INBOX para genÃ©rico\");\n    }\n}"},{"id":"iniciarSAP","implementation":"public void iniciarSAP() throws SystemException {\n    server.info(\"Abriendo SAP...\");\n    try {\n        sapControl.sapOpen(robotParameters.getSapConnection());\n        windows.pause(2000);\n        sapControl.sapLogin(\"ES\", robotParameters.getMandante());\n        windows.pause(2000);\n    } catch (Exception e) {\n        server.setCurrentItemResultToWarn(\"No se ha podido abrir SAP\");\n        mensajeDeError = \"Error al iniciar SAP\";\n        throw new  SystemException(\"Error al iniciar SAP.\", e, \"iniciarSAP\", true);\n    }\n}"},{"id":"sapAbrirTransaccionF32","implementation":"public void sapAbrirTransaccionF32() throws SystemException {\n    server.debug(\"Abriendo Transaccion F32...\");\n    try {\n        sapControl.sapOpenTransaction(TSap_F_32.TRANSACTION_NAME, TSap_F_32.windowCompensarDeudorDatosCabecera.NAME);\n    } catch (Exception e) {\n        throw new  SystemException(\"Error al ejecutar la transaccion F-32\", e, \"sapAbrirTransaccionF32\", false);\n    }\n}"},{"id":"sapF32CompensarDeudorDatosCabecera","implementation":"public void sapF32CompensarDeudorDatosCabecera() throws BusinessException {\n    server.debug(\"Escribir datos en compensar deudor: datos cabecera ...\");\n    IGuiApplication sap = sapControl.getSap();\n    GuiUserArea userArea = sap.getCurrentSession().getMainWindow().getUserArea();\n    GuiFrameWindow activeWindow = sap.getCurrentSession().getActiveWindow();\n    GuiCTextField cuenta = userArea.findById(TSap_F_32.windowCompensarDeudorDatosCabecera.CTEXT_CUENTA);\n    GuiCTextField fecha = userArea.findById(TSap_F_32.windowCompensarDeudorDatosCabecera.CTEXT_FECHA);\n    GuiCTextField sociedad = userArea.findById(TSap_F_32.windowCompensarDeudorDatosCabecera.CTEXT_SOCIEDAD);\n    GuiCTextField cme = userArea.findById(TSap_F_32.windowCompensarDeudorDatosCabecera.CTEXT_INDICADOR_CME);\n    cuenta.setText(currentCartaPago.getTtooDeudor().get(0));\n    fecha.setText(currentCartaPago.getFecha());\n    if (currentCartaPago.getSociedad().length() == 1) {\n        sociedad.setText(\"0\" + currentCartaPago.getSociedad());\n    } else {\n        sociedad.setText(currentCartaPago.getSociedad());\n    }\n    cme.setText(environmentVariables.get(\"CME\"));\n    GuiButton buttonContinuar = activeWindow.findById(TSap_F_32.windowCompensarDeudorDatosCabecera.BUTTON_CONTINUAR);\n    buttonContinuar.press();\n    server.debug(\"Datos Cabecera Seleccionados ...\");\n    sapf32popUpImpuestos();\n    sap.getCurrentSession().waitIdle(Constantes.RETRY_S);\n    String continuar = \"\";\n    for (int i = 0; i < 2; i++) {\n        continuar = checkStatusBarFail(sap.getCurrentSession().getMainWindow());\n        server.debug(\"String checkStatus: \" + continuar);\n        if (continuar.equals(Constantes.CONTINUAR)) {\n            buttonContinuar.press();\n            sap.getCurrentSession().waitIdle(Constantes.RETRY_S);\n        }\n    }\n}"},{"id":"sapF32CompensarDeudorProcesarPartidasAbiertas","implementation":"public void sapF32CompensarDeudorProcesarPartidasAbiertas() throws BusinessException, SystemException {\n    if (!noHayPartidasAbiertas) {\n        server.debug(\"compensar deudor procesar partidas abiertas ...\");\n        server.info(\"GetTtooDeudor: \" + currentCartaPago.getTtooDeudor());\n        if (currentCartaPago.getTtooDeudor().size() > 0) {\n            server.info(currentCartaPago.getTtooDeudor());\n            for (int i = 1; i < currentCartaPago.getTtooDeudor().size(); i++) {\n                server.info(\"Entramos en cargar partidas deudor para el codigo: \" + currentCartaPago.getTtooDeudor().get(i));\n                sapf32ProcesarPartidasAbiertas();\n                sapf32CompensarDeudorVisualizarResumen();\n                server.debug(\"Vamos a seleccionar partidas abiertas\");\n                sapf32CompensarDeudorSeleccionarPartidasAbiertas(\"cambiarSiNecesario\", currentCartaPago.getTtooDeudor().get(i), \"d\", \"a\");\n                server.info(\"probadas partidas abiertas antes de xRisk\");\n            }\n        }\n        sapf32CompensarXrisk();\n    } else {\n        sapf32CompensarDeudorSeleccionarPartidasAbiertas(\"cambiarSiNecesario\", \"43009999\", \"s\", \"\");\n    }\n    sapf32popUpImpuestos();\n    sapf32SeleccionarPartidasRest();\n}"},{"id":"asientoPorElPago","implementation":"public void asientoPorElPago() throws BusinessException {\n    sapf32AsientoPorImporte(currentCartaPago.getImporte());\n}"},{"id":"rellenarArrayFacturas","implementation":"public void rellenarArrayFacturas() {\n    for (Factura fact : currentCartaPago.getFacturas()) {\n        if (fact.getTipo().equalsIgnoreCase(Constantes.FACTURA) || fact.getTipo().equalsIgnoreCase(Constantes.ABONODESCONTADO)) {\n            facturasAMarcar.add(fact.getIdentificador());\n            server.setCurrentItem(itemContador, \"Items de facturas a marcar\");\n            itemContador++;\n        } else {\n            facturasACompensar.add(fact);\n            server.setCurrentItem(itemContador, \"Items de facturas a compensar\");\n            itemContador++;\n        }\n    }\n    server.setNumberOfItems(facturasAMarcar.size() + facturasACompensar.size());\n    if (facturasAMarcar.isEmpty()) {\n        server.info(\"La lista de diferencias es 0, no hay pagos de mas\");\n    } else if (facturasACompensar.isEmpty()) {\n        server.info(\"No hay facturas que no sean de tipo factura o abono descontado\");\n    }\n}"},{"id":"sapF32IntroducirImportesFacturas","implementation":"public void sapF32IntroducirImportesFacturas() throws BusinessException {\n    sapf32OrdenarPartidasPorReferencia();\n    sap32SetFocusImporte();\n    sapf32filtrarFacturasPorReferencia();\n    String id = TSap_F_32.windowCompensarDeudorProcesarPartidasAbiertas.popUpSelectCriteriosBusqueda.popUpBuscarReferencia.BUTTON_CERRAR;\n    String idAsig = TSap_F_32.windowCompensarDeudorProcesarPartidasAbiertas.popUpSelectCriteriosBusqueda.popUpBuscarAsignacion.BUTTON_CERRAR;\n    if (sapf32AparecePopUpNoEncuentraElPago(id) == true) {\n        server.info(\"NO ENCUENTRA EL IDENTIFICADOR por referencia: \" + currentFactura);\n        server.sendScreen(\"No ha encontrado el identificador\");\n        sapf32filtrarFacturasPorAsignacion();\n        if (sapf32AparecePopUpNoEncuentraElPago(idAsig) == true) {\n            server.info(\"NO ENCUENTRA EL IDENTIFICADOR por asignacion: \" + currentFactura);\n            mensajeDeError = \"NO ENCUENTRA EL IDENTIFICADOR ni por referencia ni por asignacion: \" + currentFactura;\n            throw new  BusinessException(\"No ha encontrado el identificador ni por referencia ni por asignacion\", null, true);\n        }\n    }\n    server.info(\"Se ha encontrado identificador\");\n    sapf32marcarPartidaPorResto();\n}"},{"id":"sapf32IrAVisualizarResumenYCompensar","implementation":"public void sapf32IrAVisualizarResumenYCompensar() throws BusinessException {\n    server.debug(\"Compensar Casuisticas\");\n    server.debug(\"Introducir Casuisticas\");\n    IGuiApplication sap = sapControl.getSap();\n    GuiFrameWindow activeWindow = sap.getCurrentSession().getActiveWindow();\n    GuiButton resumenDoc = activeWindow.findById(TSap_F_32.windowCompensarDeudorProcesarPartidasAbiertas.BUTTON_VISUALIZAR_DOC);\n    resumenDoc.press();\n    sap.getCurrentSession().waitIdle(Constantes.RETRY_S * 1000);\n    String codigoClvct = \"\";\n    String tipoCasu = \"\";\n    String cuenta = \"\";\n    String cme = \"\";\n    for (Casuistica casu : casuisticas.get(currentCartaPago.getNombreTuroperador())) {\n        if (casu.getTipo().equalsIgnoreCase(currentFacturaCompleta.getTipo())) {\n            codigoClvct = casu.getCodigoClvct();\n            tipoCasu = casu.getTipo();\n            cuenta = casu.getCuenta();\n            cme = casu.getCme();\n            server.info(\"Casuistica: \" + tipoCasu + \"  Codgio Clvct: \" + casu.getCodigoClvct() + \" En la cuenta: \" + cuenta + \" Con el cme: \" + cme);\n        }\n    }\n    if (!codigoClvct.equalsIgnoreCase(\"-\")) {\n        sapf32AnyadirClvCt(codigoClvct);\n    }\n    sapf32AnyadirCuenta(cuenta);\n    sapf32AnyadirCME(cme);\n    if (currentFacturaCompleta.getTipo().equalsIgnoreCase(Constantes.PREPAGO)) {\n        server.debug(\"Es prepago, clvct19, cme A\");\n        sapf32ContabilizarAnyadirImportePrePagos();\n    } else {\n        sapf32ContabilizarAnyadirImporte();\n    }\n    server.setCurrentItemResultToOK(\"Factura compensada: \" + currentItem);\n}"},{"id":"volverAPantallaPrincipal","implementation":"public void volverAPantallaPrincipal() {\n    server.debug(\"Volviendo a pantalla principal\");\n    IGuiApplication sap = sapControl.getSap();\n    GuiFrameWindow activeWindow = sap.getCurrentSession().getActiveWindow();\n    GuiButton tratarPAs = activeWindow.findById(TSap_F_32.windowCompensarDeudorAnadirPosicionDeDeudor.BUTTON_TRATAR_PAS);\n    tratarPAs.press();\n    sap.getCurrentSession().waitIdle(Constantes.RETRY_S * 1000);\n}"},{"id":"pendienteAAsignar","implementation":"public void pendienteAAsignar() throws BusinessException {\n    server.debug(\"Entramos en metodo pendiente a asignar, valor > 0\");\n    IGuiApplication sap = sapControl.getSap();\n    GuiFrameWindow activeWindow = sap.getCurrentSession().getActiveWindow();\n    GuiButton eliminarDiferencias = activeWindow.findById(TSap_F_32.windowCompensarDeudorProcesarPartidasAbiertas.BUTTON_ELIMINAR_DIFERENCIAS);\n    eliminarDiferencias.press();\n    sap.getCurrentSession().waitIdle(Constantes.RETRY_S * 1000);\n    rellenarVentanaVisualizarResumenSinAsginar(Constantes.CLAVE_16, currentCartaPago.getTtooDeudor().get(0), \"\");\n    rellenarImporteYTexto();\n}"},{"id":"comisionesBancarias","implementation":"public void comisionesBancarias() throws BusinessException {\n    server.debug(\"Entramos en metodo comisiones bancarias, valor < 0 y mayor que -1\");\n    IGuiApplication sap = sapControl.getSap();\n    GuiFrameWindow activeWindow = sap.getCurrentSession().getActiveWindow();\n    GuiButton eliminarDiferencias = activeWindow.findById(TSap_F_32.windowCompensarDeudorProcesarPartidasAbiertas.BUTTON_ELIMINAR_DIFERENCIAS);\n    eliminarDiferencias.press();\n    sap.getCurrentSession().waitIdle(Constantes.RETRY_S * 1000);\n    rellenarVentanaVisualizarResumenSinAsginar(Constantes.CLAVE_40, Constantes.CUENTA_COMISIONES_BANC, \"\");\n    rellenarImporteYTexto();\n}"},{"id":"apunteContable","implementation":"public void apunteContable() throws BusinessException {\n    server.debug(\"Entramos en metodo apunte contable, valor entre -1 y -infinito\");\n    IGuiApplication sap = sapControl.getSap();\n    GuiFrameWindow activeWindow = sap.getCurrentSession().getActiveWindow();\n    GuiButton eliminarDiferencias = activeWindow.findById(TSap_F_32.windowCompensarDeudorProcesarPartidasAbiertas.BUTTON_ELIMINAR_DIFERENCIAS);\n    eliminarDiferencias.press();\n    sap.getCurrentSession().waitIdle(Constantes.RETRY_S * 1000);\n    rellenarVentanaVisualizarResumenSinAsginar(Constantes.CLAVE_06, currentCartaPago.getTtooDeudor().get(0), \"\");\n    rellenarImporteYTexto();\n}"},{"id":"postImputar","implementation":"public void postImputar() throws BusinessException {\n    server.debug(\"Entrando a metodo Postimputar\");\n    boolean control = true;\n    String mensaje = \"\";\n    String funcion = \"\";\n    IGuiApplication sap = sapControl.getSap();\n    GuiFrameWindow activeWindow = sap.getCurrentSession().getActiveWindow();\n    GuiButton guardarContab = activeWindow.findById(TSap_F_32.windowCompensarDeudorAnadirPosicionDeDeudor.BUTTON_CONTABILIZAR);\n    guardarContab.press();\n    sap.getCurrentSession().waitIdle(Constantes.RETRY_S * 1000);\n    mensaje = checkStatusBarFail(sap.getCurrentSession().getMainWindow());\n    if (mensaje.equals(\"corregir posiciones\")) {\n        server.debug(\"Estamos en visualizar resumen, corregir posiciones marcadas\");\n        server.sendScreen(\"hay posiciones a corregir?\");\n        while (control) {\n            GuiButton postimp = activeWindow.findById(TSap_F_32.windowCompensarDeudorVisualizarResumen.BUTTON_POSTIMPUTAR);\n            if (postimp != null) {\n                server.debug(\"boton: \" + postimp.getId());\n                server.debug(\"boton: \" + postimp.getText());\n                funcion = pantallasPostImputar();\n                if (funcion.equals(\"no\")) {\n                    server.debug(\"No he vuelto a hacer el postimputar\");\n                    control = false;\n                }\n            }\n        }\n        server.debug(\"Ya se han postimputado todas las partidas marcadas en azul\");\n        guardarContab.press();\n        sap.getCurrentSession().waitIdle(Constantes.RETRY_S * 1000);\n        server.info(\"contabilizacion realizada\");\n    } else {\n        server.info(\"Contabilizacion correcta\");\n    }\n    String estausBarText = sap.getCurrentSession().getMainWindow().getStatusBar().getText();\n    String numeroDocumento = getMatch(\"Doc\\\\.\\\\d+\", estausBarText).replaceAll(\"Doc\\\\.\", \"\");\n    if (numeroDocumento != null) {\n        server.info(\"Documento contable: \" + numeroDocumento);\n        currentCartaPago.setNumeroDocumento(numeroDocumento);\n    } else {\n        server.warn(\"No se ha contabilizado correctamente porque no ha aparecido la barra con el numero de doc\");\n    }\n}"},{"id":"contabilizar","implementation":"public void contabilizar() throws SystemException {\n    windows.pause(10000);\n    server.debug(\"Contabilizar\");\n    IGuiApplication sap = sapControl.getSap();\n    GuiFrameWindow activeWindow = sap.getCurrentSession().getActiveWindow();\n    try {\n        server.sendScreen(\"Antes de clicar en menu visualizar\");\n        GuiMenu menu = activeWindow.findById(TSap_F_32.windowCompensarDeudorDatosCabecera.BUTTON_DOCUMENTO);\n        menu.select();\n        sap.getCurrentSession().waitIdle(Constantes.RETRY_S * 1000);\n        server.debug(\"Menu documento, visualizar seleccionado\");\n        activeWindow = sap.getCurrentSession().getActiveWindow();\n        server.sendScreen(\"Clicado visualizar\");\n        GuiShell titlShellcontShell = activeWindow.findById(TSap_FB03.shell.TITL_SHELLCONT_SHELL);\n        titlShellcontShell.getComponent().invoke(TSap_FB03.shell.acction.pressButton, new  Variant(TSap_F_32.windowCompensarDeudorDatosCabecera.shell.BUTTON_SERVICIOS_OBJETO));\n        server.sendScreen(\"press shell servicios\");\n        activeWindow = sap.getCurrentSession().getActiveWindow();\n        GuiShell shellcontShell = activeWindow.findById(TSap_FB03.shell.SHELLCONT_SHELL);\n        shellcontShell.getComponent().invoke(TSap_FB03.shell.acction.pressContextButton, new  Variant(TSap_F_32.windowCompensarDeudorDatosCabecera.shell.SHELL_BUTTON_CREAR));\n        windows.pause(1000);\n        shellcontShell.getComponent().invoke(TSap_FB03.shell.acction.selectContextMenuItem, new  Variant(TSap_F_32.windowCompensarDeudorDatosCabecera.shell.SHELL_BUTTON_CREAR_ADJUNTO));\n        windows.pause(1000);\n        server.info(\"Guardamos el documento: \" + currentCartaPago.getNombreDocumento());\n        server.sendScreen(\"documento guardado\");\n        windows.pause(1000);\n    } catch (Exception e) {\n        mensajeDeError = \"No se ha podido anexar el documento\";\n        escribirExcel(\"NO\");\n        server.setCurrentItem(itemContador, \"Carta de pago\");\n        server.setCurrentItemResultToOK(\"Numero documento: \" + currentCartaPago.getNombreDocumento() + \" - Numero de facturas a marcar: \" + facturasAMarcar.size() + \" - Numero facturas a compensar: \" + facturasACompensar.size());\n        throw new  SystemException(\"No se ha podido anexar el documento\", null, \"\", true);\n    }\n    File file = new  File(\"C:\\\\Lopesan\\\\temporal\\\\\" + currentCartaPago.getNombreDocumento());\n    popUpImportarFichero(file.getParent(), file.getName());\n    if (mensajeDeError.isEmpty()) {\n        escribirExcel(\"SI\");\n    } else {\n        escribirExcel(\"NO\");\n    }\n    GuiMenu finalizar = activeWindow.findById(TSap_F_32.windowCompensarDeudorDatosCabecera.popUpImportarFichero.BUTTON_FINALIZAR);\n    finalizar.select();\n    sap.getCurrentSession().waitIdle(Constantes.RETRY_S * 1000);\n    activeWindow = sap.getCurrentSession().getActiveWindow();\n    GuiMenu finalizar2 = activeWindow.findById(TSap_F_32.windowCompensarDeudorDatosCabecera.BUTTON_FINALIZAR2);\n    finalizar2.select();\n    sap.getCurrentSession().waitIdle(Constantes.RETRY_S * 1000);\n    server.info(\"Procesamiento completado\");\n    server.debug(\"Deberia hacer el ok\");\n    server.setCurrentItem(itemContador, \"Carta de pago\");\n    server.setCurrentItemResultToOK(\"Numero documento: \" + currentCartaPago.getNombreDocumento() + \" - Numero de facturas a marcar: \" + facturasAMarcar.size() + \" - Numero facturas a compensar: \" + facturasACompensar.size());\n    server.info(\"Cerramos sap\");\n    sapControl.sapClose();\n}"},{"id":"enviarInformeUsuario","implementation":"@SuppressWarnings(\"null\")\npublic void enviarInformeUsuario() {\n    server.info(\"Enviar InformeUsuario\");\n    try {\n        for (CartaPago carta : cartasPagoErroneas) {\n            if (!carta.getNombreDocumento().equalsIgnoreCase(\"\")) {\n                String nombre = excelDrive.buscarTTOOEnReclamaciones(carta.getTtooDeudor().get(0));\n                server.info(\"El nombre de prueba seria: \" + nombre);\n                String destinatario = excelDrive.destinatarioCorreo(carta.getTtooDeudor().get(0));\n                server.info(\"El destinatario es: \" + destinatario);\n                String cuerpo = \"Se ha producido un error en la tramitacion de la carta de pago que se adjunta correspondiente a la ejecuciÃ³n \" + numeroEjecucion + \".<p>\" + \"Por favor revisenlo\";\n                mail.enviarCorreo(robotParameters, destinatario + environmentVariables.get(\"EMAILS\"), nombre, cuerpo, carta.getNombreDocumento());\n                if (Paths.get(carta.getNombreDocumento()).toFile().delete()) {\n                    server.info(\"Fichero borrado\");\n                } else {\n                    server.info(\"Fichero no borrado\");\n                }\n            }\n        }\n    } catch (Exception e) {\n        server.error(\"ERROR \" + e);\n    }\n}"},{"id":"fin","implementation":"public void fin() throws IOException, MessagingException {\n    sapControl.sapClose();\n    if (control) {\n        control = false;\n        relaunchRobot();\n    } else {\n        if (mail.getNumCorreos() > 1) {\n            relaunchRobot();\n        }\n    }\n}"}],"conditionalActionDetails":[{"id":"quedanCartasPorProcesar","implementation":"public String quedanCartasPorProcesar() {\n    server.info(\"Carta pago actual: \" + contadorCartaPago);\n    server.info(\"Numero de cartas de pago: \" + cartasPago.size());\n    int k = 0;\n    for (CartaPago carta : cartasPago) {\n        server.info(\"El documento \" + k + \" es: \" + carta.getNombreDocumento());\n        k++;\n    }\n    if (contadorCartaPago < cartasPago.size()) {\n        currentCartaPago = cartasPago.get(contadorCartaPago);\n        while (!currentCartaPago.isCorrecto() && contadorCartaPago < cartasPago.size()) {\n            String[] x = currentCartaPago.getNombreDocumento().split(\"\\\\\\\\\");\n            String nombreFichero = x[x.length - 1];\n            server.info(\"ContadorCartasDePago: \" + contadorCartaPago + \", nombreFichero: \" + nombreFichero);\n            contadorCartaPago++;\n            currentCartaPago.setCorrecto(false);\n            if (contadorCartaPago < cartasPago.size()) {\n                cartasPagoErroneas.add(currentCartaPago);\n                currentCartaPago = cartasPago.get(contadorCartaPago);\n            } else {\n                server.info(\"No quedan cartas de pago\");\n            }\n        }\n        String[] x = currentCartaPago.getNombreDocumento().split(\"\\\\\\\\\");\n        String nombreFichero = x[x.length - 1];\n        server.info(\"ContadorCartasDePago: \" + contadorCartaPago + \", nombreFichero: \" + nombreFichero);\n        hayPago = false;\n        contadorCartaPago++;\n        return \"Si\";\n    } else {\n        return \"No\";\n    }\n}"},{"id":"estaPago","implementation":"public String estaPago() {\n    if (hayPago) {\n        return \"Si\";\n    } else {\n        return \"No\";\n    }\n}"},{"id":"quedanFacturasPorProcesar","implementation":"public String quedanFacturasPorProcesar() {\n    server.info(\"Numero de Factura Actual(Item actual): \" + currentItem);\n    server.info(\"Numero facturas de tipo factura o abono descontado: \" + facturasAMarcar.size());\n    if (currentItem < facturasAMarcar.size()) {\n        currentFactura = facturasAMarcar.get(currentItem);\n        currentItem++;\n        return \"Si\";\n    } else {\n        return \"No\";\n    }\n}"},{"id":"quedanFacturasPorCompensar","implementation":"public String quedanFacturasPorCompensar() {\n    server.info(\"Numero de Factura Actual(Item actual): \" + currentItem);\n    server.info(\"Numero facturas que no son ni facturas ni abono descontado: \" + facturasACompensar.size());\n    if (currentItem < facturasAMarcar.size() + facturasACompensar.size()) {\n        currentFacturaCompleta = facturasACompensar.get(currentItem - facturasAMarcar.size());\n        currentItem++;\n        return \"Si\";\n    } else {\n        return \"No\";\n    }\n}"},{"id":"leerCampoSinAsignar","implementation":"public String leerCampoSinAsignar() {\n    String campoSinAsignar = \"\";\n    server.debug(\"Entramos en lectura de campo sin asignar\");\n    stringSinAsignar = quedaPediente();\n    server.info(\"Queda sin asignar: \" + stringSinAsignar);\n    if (stringSinAsignar.contains(\"-\")) {\n        stringSinAsignar = stringSinAsignar.replace(\"-\", \"\");\n        sinAsignar = importeToDouble(stringSinAsignar);\n        sinAsignar *= -1;\n        server.debug(\"sin Asignar negativo: \" + sinAsignar);\n    } else {\n        sinAsignar = importeToDouble(stringSinAsignar);\n    }\n    if (sinAsignar == 0) {\n        campoSinAsignar = \"contabilizadoCorrecto\";\n    } else if (sinAsignar > 0) {\n        campoSinAsignar = \"pendienteAsignar\";\n    } else if (sinAsignar < 0 && sinAsignar >= -1) {\n        campoSinAsignar = \"comisionBancaria\";\n    } else if (sinAsignar < -1) {\n        campoSinAsignar = \"apunteContable\";\n    }\n    server.info(\"Campo sin asignar - casuistica: \" + campoSinAsignar);\n    return campoSinAsignar;\n}"}],"sdkMethods":[]}