{"auditUser":"irene.monge","auditIp":"83.58.198.241","auditTimestamp":"2020-05-18 06:12:36","creationTS":1589376650320,"id":"5ebbf68ae4b08994675a276c","uniqueId":"5ebbf68ae4b08994675a276d","removedTimestamp":0,"name":"robot-snippet-instruction","spokenName":"Snippet Instructions","expressions":{},"environment":{},"variables":{},"itemsName":"none","description":"The Instruction Robot provides a usage example of all the snippet-instruction methods. \r\nThe robot reads all the instructions and assigns them to an object of the appropriate type, then prints the values in the server log.","involvedSystems":"None","inputExpected":"None","outputExpected":"None","disabled":false,"testing":false,"minimumLogLevel":"TRACE","priority":"NORMAL","simultaneousRunning":0,"restrictHours":false,"restrictHoursSchedule":{"auditUser":null,"auditIp":null,"auditTimestamp":null,"creationTS":1589782345958,"id":null,"robotName":null,"description":"","active":false,"color":"#000000","minutes":{"type":"WHEN","every":0,"whenText":null,"when":[]},"hours":{"type":"WHEN","every":0,"whenText":null,"when":[]},"days":{"type":"WHEN","every":0,"whenText":null,"when":[]},"daysOfWeek":{"type":"WHEN","every":0,"whenText":null,"when":[]},"instructions":[],"executionsToLaunch":1},"removeOldArtifacts":0,"removeOldArtifactsTimestamp":-1,"subResultTexts":{"RED":"","CYAN":"","LIME":"","CORAL":"","OLIVE":"","INDIGO":"","MAGENTA":"","CHOCOLATE":"","DARK_GRAY":"","LIGHT_GRAY":""},"lastExecution":1589782356079,"lastRobotLogId":"10312","robotBuilderConfig":{"auditUser":null,"auditIp":null,"auditTimestamp":null,"creationTS":1589376650320,"id":null,"repository":"https://rpa-coe-lab.appiancloud.com/rpa-repo/repository/jidoka/","group":"com.appian.rpa.snippets.examples","robot":"robot-snippet-instruction","version":"0.0.1","url":null,"mainClass":"com.appian.rpa.snippets.examples.instruction.InstructionsRobot","removedTimestamp":0,"color":"#000000","labels":["lab","irene.monge","demo-official"],"instructions":[{"name":"stringInstruction","description":"String instruction","type":"STRING","defaultValue":"TEXT","required":false},{"name":"longInstruction","description":"Long instruction","type":"STRING","defaultValue":"12345678910","required":false},{"name":"integerInstruction","description":"Integer instruction","type":"STRING","defaultValue":"5","required":false},{"name":"booleanInstruction","description":"Boolean instruction","type":"BOOLEAN","defaultValue":"true","required":false},{"name":"fileInstruction","description":"File instruction","type":"FILE","defaultValue":null,"required":false}],"technology":"JAVA","autoHotkey":{"executable":"","version":""},"autoIt":{"executable":"","version":""},"persist":true},"labels":["lab","irene.monge","demo-official"]}