{"auditUser":"irene.monge","auditIp":"83.58.198.241","auditTimestamp":"2020-05-18 06:12:26","creationTS":1589782345970,"id":"5ebbf68ae4b08994675a276c","removedTimestamp":0,"shapes":[{"id":"awe-key-f-Main1","type":"ELLIPSE","x":158,"y":156,"width":50,"height":50,"text":"Start","action":null,"parameters":null,"returnClazz":null,"actions":[{"action":"start","paramsValues":[],"returnClazz":""}]},{"id":"awe-key-f-Main17","type":"ELLIPSE","x":606,"y":156,"width":50,"height":50,"text":"End","action":null,"parameters":null,"returnClazz":null,"actions":[{"action":"end","paramsValues":[],"returnClazz":""}]},{"id":"awe-key-f-Main33","type":"RECT","x":265,"y":106,"width":100,"height":100,"text":"Get |Instructions","action":null,"parameters":null,"returnClazz":null,"actions":[{"action":"getInstructions","paramsValues":[],"returnClazz":""}]},{"id":"awe-key-f-Main49","type":"RECT","x":408,"y":106,"width":100,"height":100,"text":"Log|Instructions","action":null,"parameters":null,"returnClazz":null,"actions":[{"action":"logInstructions","paramsValues":[],"returnClazz":""}]}],"arrows":[{"origin":"awe-key-f-Main1","originSide":"E","destination":"awe-key-f-Main33","destinationSide":"W","text":""},{"origin":"awe-key-f-Main33","originSide":"E","destination":"awe-key-f-Main49","destinationSide":"W","text":""},{"origin":"awe-key-f-Main49","originSide":"E","destination":"awe-key-f-Main17","destinationSide":"W","text":""}],"notes":[],"sections":[],"libraries":[],"persist":true}