{"auditUser":"dev.lab.admin","auditIp":"37.222.85.182","auditTimestamp":"2020-05-07 15:18:14","creationTS":1588843319875,"id":"5eb3d337e4b08994675a2575","uniqueId":"5eb3d337e4b08994675a2576","removedTimestamp":0,"name":"browser-manager-demo","spokenName":"","expressions":{},"environment":{},"variables":{},"itemsName":"items","description":"","involvedSystems":"","inputExpected":"","outputExpected":"","disabled":false,"testing":false,"minimumLogLevel":"TRACE","priority":"NORMAL","simultaneousRunning":0,"restrictHours":false,"restrictHoursSchedule":{"auditUser":null,"auditIp":null,"auditTimestamp":null,"creationTS":1588864532807,"id":null,"robotName":null,"description":"","active":false,"color":"#000000","minutes":{"type":"WHEN","every":0,"whenText":null,"when":[]},"hours":{"type":"WHEN","every":0,"whenText":null,"when":[]},"days":{"type":"WHEN","every":0,"whenText":null,"when":[]},"daysOfWeek":{"type":"WHEN","every":0,"whenText":null,"when":[]},"instructions":[],"executionsToLaunch":1},"removeOldArtifacts":0,"removeOldArtifactsTimestamp":-1,"subResultTexts":{"RED":"","CYAN":"","LIME":"","CORAL":"","OLIVE":"","INDIGO":"","MAGENTA":"","CHOCOLATE":"","DARK_GRAY":"","LIGHT_GRAY":""},"lastExecution":1588864694904,"lastRobotLogId":"9781","robotBuilderConfig":{"auditUser":null,"auditIp":null,"auditTimestamp":null,"creationTS":1588843319875,"id":null,"repository":"https://rpa-coe-lab.appiancloud.com/rpa-repo/repository/jidoka/","group":"com.appian.rpa.robot","robot":"browser-manager","version":"0.0.1","url":null,"mainClass":"com.appian.rpa.robot.browser_manager.BrowserManagerRobot","removedTimestamp":0,"color":"#000000","labels":["javier.advani","chrome-latest"],"instructions":[{"name":"platformURL","description":"","type":"STRING","defaultValue":"https://www.google.es/","required":true}],"technology":"JAVA","autoHotkey":{"executable":"","version":""},"autoIt":{"executable":"","version":""},"persist":true},"labels":["javier.advani","chrome-latest"]}