<?xml version="1.0" encoding="UTF-8" standalone="yes"?>
<applicationHaul xmlns:a="http://www.appian.com/ae/types/2009">
    <versionUuid>_a-0000e529-5750-8000-9bc8-011c48011c48_73270</versionUuid>
    <application>
        <name>Nasdaq Stock Market App</name>
        <uuid>_a-0000e491-8aa5-8000-9bad-011c48011c48_16104</uuid>
        <description></description>
        <parentUuid>SYSTEM_APPLICATIONS_ROOT</parentUuid>
        <visibility>
            <advertise>false</advertise>
            <hierarchy>true</hierarchy>
            <indexable>true</indexable>
            <quota>false</quota>
            <searchable>true</searchable>
            <system>false</system>
            <unlogged>false</unlogged>
        </visibility>
        <urlIdentifier>8PihDg</urlIdentifier>
        <published>false</published>
        <public>false</public>
        <associatedObjects>
            <globalIdMap>
                <item>
                    <type>datatype</type>
                    <uuids>
                        <uuid>{urn:com:appian:nasdaq}Enterprise</uuid>
                    </uuids>
                </item>
                <item>
                    <type>dataStore</type>
                    <uuids/>
                </item>
                <item>
                    <type>user</type>
                    <uuids/>
                </item>
                <item>
                    <type>groupType</type>
                    <uuids/>
                </item>
                <item>
                    <type>group</type>
                    <uuids>
                        <uuid>_e-0000e491-8aa5-8000-9afa-01075c01075c_199</uuid>
                    </uuids>
                </item>
                <item>
                    <type>content</type>
                    <uuids>
                        <uuid>_a-0000e491-8aa5-8000-9bad-011c48011c48_16111</uuid>
                        <uuid>ad62c864-6418-4bb4-a745-f0dcbc36e7ac</uuid>
                        <uuid>_a-0000e4a7-7971-8000-9bb1-011c48011c48_27131</uuid>
                        <uuid>_a-0000e50e-40e1-8000-9bbe-011c48011c48_64172</uuid>
                        <uuid>_a-0000e50e-40e1-8000-9bbe-011c48011c48_64186</uuid>
                        <uuid>_a-0000e50e-40e1-8000-9bbe-011c48011c48_64192</uuid>
                        <uuid>_a-0000e50e-40e1-8000-9bbe-011c48011c48_64865</uuid>
                        <uuid>_a-0000e50e-40e1-8000-9bbe-011c48011c48_64871</uuid>
                        <uuid>_a-0000e50e-40e1-8000-9bbe-011c48011c48_64937</uuid>
                        <uuid>_a-0000e50e-40e1-8000-9bbe-011c48011c48_64951</uuid>
                        <uuid>_a-0000e50e-40e1-8000-9bbe-011c48011c48_64958</uuid>
                        <uuid>_a-0000e50e-40e1-8000-9bbe-011c48011c48_63990</uuid>
                        <uuid>_a-0000e4a7-7971-8000-9bb1-011c48011c48_27127</uuid>
                    </uuids>
                </item>
                <item>
                    <type>forum</type>
                    <uuids/>
                </item>
                <item>
                    <type>processModelFolder</type>
                    <uuids>
                        <uuid>_g-0000e50e-40e1-8000-0019-7f0000014e7a_129</uuid>
                    </uuids>
                </item>
                <item>
                    <type>processModel</type>
                    <uuids>
                        <uuid>0000e515-9f2e-8000-0029-7f0000014e7a</uuid>
                        <uuid>0000e515-9f62-8000-002c-7f0000014e7a</uuid>
                    </uuids>
                </item>
                <item>
                    <type>portlet</type>
                    <uuids/>
                </item>
                <item>
                    <type>page</type>
                    <uuids/>
                </item>
                <item>
                    <type>application</type>
                    <uuids/>
                </item>
                <item>
                    <type>tempoFeed</type>
                    <uuids/>
                </item>
                <item>
                    <type>recordType</type>
                    <uuids/>
                </item>
                <item>
                    <type>tempoReport</type>
                    <uuids/>
                </item>
                <item>
                    <type>taskReport</type>
                    <uuids/>
                </item>
                <item>
                    <type>webApi</type>
                    <uuids>
                        <uuid>2096088a-449c-4709-8f21-834d556f775a</uuid>
                        <uuid>cdc8f1a8-48e3-4d51-9bf7-e1e88ed7034d</uuid>
                    </uuids>
                </item>
                <item>
                    <type>site</type>
                    <uuids/>
                </item>
                <item>
                    <type>adminSetting</type>
                    <uuids/>
                </item>
                <item>
                    <type>thirdPartyCredentials</type>
                    <uuids/>
                </item>
                <item>
                    <type>dataSource</type>
                    <uuids/>
                </item>
                <item>
                    <type>embeddedSailTheme</type>
                    <uuids/>
                </item>
                <item>
                    <type>connectedSystem</type>
                    <uuids>
                        <uuid>_a-0000e49d-1421-8000-9baf-011c48011c48_19634</uuid>
                    </uuids>
                </item>
                <item>
                    <type>pluginInfo</type>
                    <uuids/>
                </item>
            </globalIdMap>
        </associatedObjects>
        <applicationNavigation/>
        <applicationActions/>
        <associatedApplications>
            <globalIdMap>
                <item>
                    <type>datatype</type>
                    <uuids/>
                </item>
                <item>
                    <type>dataStore</type>
                    <uuids/>
                </item>
                <item>
                    <type>user</type>
                    <uuids/>
                </item>
                <item>
                    <type>groupType</type>
                    <uuids/>
                </item>
                <item>
                    <type>group</type>
                    <uuids/>
                </item>
                <item>
                    <type>content</type>
                    <uuids/>
                </item>
                <item>
                    <type>forum</type>
                    <uuids/>
                </item>
                <item>
                    <type>processModelFolder</type>
                    <uuids/>
                </item>
                <item>
                    <type>processModel</type>
                    <uuids/>
                </item>
                <item>
                    <type>portlet</type>
                    <uuids/>
                </item>
                <item>
                    <type>page</type>
                    <uuids/>
                </item>
                <item>
                    <type>application</type>
                    <uuids/>
                </item>
                <item>
                    <type>tempoFeed</type>
                    <uuids/>
                </item>
                <item>
                    <type>recordType</type>
                    <uuids/>
                </item>
                <item>
                    <type>tempoReport</type>
                    <uuids/>
                </item>
                <item>
                    <type>taskReport</type>
                    <uuids/>
                </item>
                <item>
                    <type>webApi</type>
                    <uuids/>
                </item>
                <item>
                    <type>site</type>
                    <uuids/>
                </item>
                <item>
                    <type>adminSetting</type>
                    <uuids/>
                </item>
                <item>
                    <type>thirdPartyCredentials</type>
                    <uuids/>
                </item>
                <item>
                    <type>dataSource</type>
                    <uuids/>
                </item>
                <item>
                    <type>embeddedSailTheme</type>
                    <uuids/>
                </item>
                <item>
                    <type>connectedSystem</type>
                    <uuids/>
                </item>
                <item>
                    <type>pluginInfo</type>
                    <uuids/>
                </item>
            </globalIdMap>
        </associatedApplications>
    </application>
    <roleMap>
        <contentRoleMap public="true">
            <role inherit="false" allowForAll="false" name="readers">
                <users/>
                <groups/>
            </role>
            <role inherit="false" allowForAll="false" name="authors">
                <users/>
                <groups/>
            </role>
            <role inherit="false" allowForAll="false" name="administrators">
                <users/>
                <groups>
                    <groupUuid>_e-0000e491-8aa5-8000-9afa-01075c01075c_199</groupUuid>
                </groups>
            </role>
            <role inherit="false" allowForAll="false" name="denyReaders">
                <users/>
                <groups/>
            </role>
            <role inherit="false" allowForAll="false" name="denyAuthors">
                <users/>
                <groups/>
            </role>
            <role inherit="false" allowForAll="false" name="denyAdministrators">
                <users/>
                <groups/>
            </role>
        </contentRoleMap>
    </roleMap>
    <history>
        <historyInfo versionUuid="_a-0000e49d-1421-8000-9baf-011c48011c48_19675"/>
        <historyInfo versionUuid="_a-0000e4a7-7971-8000-9bb1-011c48011c48_27135"/>
        <historyInfo versionUuid="_a-0000e50e-40e1-8000-9bbe-011c48011c48_64963"/>
        <historyInfo versionUuid="_a-0000e529-5750-8000-9bc8-011c48011c48_73184"/>
        <historyInfo versionUuid="_a-0000e529-5750-8000-9bc8-011c48011c48_73201"/>
        <historyInfo versionUuid="_a-0000e529-5750-8000-9bc8-011c48011c48_73243"/>
        <historyInfo versionUuid="_a-0000e529-5750-8000-9bc8-011c48011c48_73270"/>
    </history>
    <postDeploymentProcessData/>
</applicationHaul>
