{"auditUser":"dev.lab.admin","auditIp":"37.222.85.182","auditTimestamp":"2020-05-12 10:23:51","creationTS":1588929643056,"id":"5eb5246be4b08994675a25f6","uniqueId":"5eb5246be4b08994675a25f7","removedTimestamp":0,"name":"applications-advani","spokenName":"","expressions":{},"environment":{},"variables":{},"itemsName":"items","description":"","involvedSystems":"","inputExpected":"","outputExpected":"","disabled":false,"testing":false,"minimumLogLevel":"TRACE","priority":"NORMAL","simultaneousRunning":0,"restrictHours":false,"restrictHoursSchedule":{"auditUser":null,"auditIp":null,"auditTimestamp":null,"creationTS":1589269544505,"id":null,"robotName":null,"description":"","active":false,"color":"#000000","minutes":{"type":"WHEN","every":0,"whenText":null,"when":[]},"hours":{"type":"WHEN","every":0,"whenText":null,"when":[]},"days":{"type":"WHEN","every":0,"whenText":null,"when":[]},"daysOfWeek":{"type":"WHEN","every":0,"whenText":null,"when":[]},"instructions":[],"executionsToLaunch":1},"removeOldArtifacts":0,"removeOldArtifactsTimestamp":-1,"subResultTexts":{"RED":"","CYAN":"","LIME":"","CORAL":"","OLIVE":"","INDIGO":"","MAGENTA":"","CHOCOLATE":"","DARK_GRAY":"","LIGHT_GRAY":""},"lastExecution":1589279031214,"lastRobotLogId":"10127","robotBuilderConfig":{"auditUser":null,"auditIp":null,"auditTimestamp":null,"creationTS":1588929643056,"id":null,"repository":"https://rpa-coe-lab.appiancloud.com/rpa-repo/repository/jidoka/","group":"com.appian.rpa.robot","robot":"robot-applications","version":"0.0.2","url":null,"mainClass":"com.appian.rpa.robot.applications.ApplicationManagerRobot","removedTimestamp":0,"color":"#000000","labels":["javier.advani"],"instructions":[{"name":"applicationManager","description":"","type":"STRING","defaultValue":"UIAutomation,Falcon","required":true}],"technology":"JAVA","autoHotkey":{"executable":"","version":""},"autoIt":{"executable":"","version":""},"persist":true},"labels":["javier.advani"]}