<?xml version="1.0" encoding="UTF-8" standalone="yes"?>
<connectedSystemHaul xmlns:a="http://www.appian.com/ae/types/2009">
    <versionUuid>_a-0000e529-5750-8000-9bc8-011c48011c48_73242</versionUuid>
    <connectedSystem>
        <name>Nasdaq_RPA</name>
        <uuid>_a-0000e49d-1421-8000-9baf-011c48011c48_19634</uuid>
        <description></description>
        <parentUuid>SYSTEM_COMMUNITY_ROOT</parentUuid>
        <visibility>
            <advertise>false</advertise>
            <hierarchy>true</hierarchy>
            <indexable>true</indexable>
            <quota>false</quota>
            <searchable>true</searchable>
            <system>false</system>
            <unlogged>false</unlogged>
        </visibility>
        <sharedConfigParameters>
            <a:Dictionary xmlns:xsd="http://www.w3.org/2001/XMLSchema" xmlns:xsi="http://www.w3.org/2001/XMLSchema-instance">
                <configurationDescriptor xsi:type="a:Dictionary">
                    <types xsi:type="a:Dictionary">
                        <RootType xsi:type="a:Dictionary">
                            <properties xsi:type="a:Dictionary?list">
<item>
    <description xsi:type="xsd:string">To generate a new API Key for a service account, go to the Appian Administration Console.</description>
    <refresh xsi:type="xsd:string">NEVER</refresh>
    <placeholder xsi:nil="true" xsi:type="a:Null"/>
    <isImportCustomizable xsi:type="xsd:boolean">true</isImportCustomizable>
    <instructionText xsi:nil="true" xsi:type="a:Null"/>
    <isExpressionable xsi:type="xsd:boolean">false</isExpressionable>
    <label xsi:type="xsd:string">API Key</label>
    <isRequired xsi:type="xsd:boolean">true</isRequired>
    <displayHint xsi:type="xsd:string">NORMAL</displayHint>
    <key xsi:type="xsd:string">apiKey</key>
    <isHidden xsi:type="xsd:boolean">false</isHidden>
    <isMasked xsi:type="xsd:boolean">true</isMasked>
    <isReadOnly xsi:type="xsd:boolean">false</isReadOnly>
    <type xsi:type="xsd:string">ENCRYPTED</type>
</item>
                            </properties>
                            <name xsi:type="xsd:string">RootType</name>
                        </RootType>
                    </types>
                    <state xsi:type="a:Dictionary">
                        <a:entry key="#t" xsi:type="xsd:string">#/types/RootType</a:entry>
                        <apiKey xsi:type="a:EncryptedText"/>
                    </state>
                    <connectedSystemTemplateKey xsi:type="xsd:string">AppianRPAConnectedSystem</connectedSystemTemplateKey>
                </configurationDescriptor>
                <url xsi:type="xsd:string"/>
                <isInheritedUrlOptionSelected xsi:type="xsd:boolean">false</isInheritedUrlOptionSelected>
                <isCstOAuth xsi:type="xsd:boolean">false</isCstOAuth>
                <authType xsi:type="xsd:string">CSTF Auth</authType>
                <authDetails xsi:type="a:Variant?list"/>
            </a:Dictionary>
        </sharedConfigParameters>
        <logoChoice></logoChoice>
        <integrationType>plugin.[AppianRPA].[AppianRPA]</integrationType>
    </connectedSystem>
    <roleMap public="true">
        <role inherit="false" allowForAll="false" name="readers">
            <users/>
            <groups/>
        </role>
        <role inherit="false" allowForAll="false" name="authors">
            <users/>
            <groups/>
        </role>
        <role inherit="false" allowForAll="false" name="administrators">
            <users/>
            <groups>
                <groupUuid>_e-0000e491-8aa5-8000-9afa-01075c01075c_199</groupUuid>
            </groups>
        </role>
        <role inherit="false" allowForAll="false" name="denyReaders">
            <users/>
            <groups/>
        </role>
        <role inherit="false" allowForAll="false" name="denyAuthors">
            <users/>
            <groups/>
        </role>
        <role inherit="false" allowForAll="false" name="denyAdministrators">
            <users/>
            <groups/>
        </role>
    </roleMap>
    <history>
        <historyInfo versionUuid="_a-0000e49d-1421-8000-9baf-011c48011c48_19658"/>
        <historyInfo versionUuid="_a-0000e4a7-7971-8000-9bb1-011c48011c48_27125"/>
        <historyInfo versionUuid="_a-0000e529-5750-8000-9bc8-011c48011c48_73242"/>
    </history>
</connectedSystemHaul>
