{"auditUser":"dev.lab.admin","auditIp":"37.222.85.182","auditTimestamp":"2020-05-19 13:16:28","creationTS":1588843319875,"id":"5eb3d337e4b08994675a2575","uniqueId":"5eb3d337e4b08994675a2576","removedTimestamp":0,"name":"robot-snippet-browser-manager","spokenName":"","expressions":{},"environment":{},"variables":{},"itemsName":"items","description":"This robotic process has been created to illustrate how the Browser Manager Snippet should be integrated in your process. It basically searches the word \"Appian\" in Google and shows up the first result found in the console. An exception will be thrown if any error occurs during the process execution. Further instructions to configure and execute the process can be found here:\r\nhttps://github.com/appianps/ps-plugin-appianrpa-Snippets","involvedSystems":"","inputExpected":"","outputExpected":"","disabled":false,"testing":false,"minimumLogLevel":"TRACE","priority":"NORMAL","simultaneousRunning":0,"restrictHours":false,"restrictHoursSchedule":{"auditUser":null,"auditIp":null,"auditTimestamp":null,"creationTS":1589894188020,"id":null,"robotName":null,"description":"","active":false,"color":"#000000","minutes":{"type":"WHEN","every":0,"whenText":null,"when":[]},"hours":{"type":"WHEN","every":0,"whenText":null,"when":[]},"days":{"type":"WHEN","every":0,"whenText":null,"when":[]},"daysOfWeek":{"type":"WHEN","every":0,"whenText":null,"when":[]},"instructions":[],"executionsToLaunch":1},"removeOldArtifacts":0,"removeOldArtifactsTimestamp":-1,"subResultTexts":{"RED":"","CYAN":"","LIME":"","CORAL":"","OLIVE":"","INDIGO":"","MAGENTA":"","CHOCOLATE":"","DARK_GRAY":"","LIGHT_GRAY":""},"lastExecution":1589528133669,"lastRobotLogId":"10263","robotBuilderConfig":{"auditUser":null,"auditIp":null,"auditTimestamp":null,"creationTS":1588843319875,"id":null,"repository":"https://rpa-coe-lab.appiancloud.com/rpa-repo/repository/jidoka/","group":"com.appian.rpa.snippets.examples","robot":"robot-snippet-browser-manager","version":"0.0.3","url":null,"mainClass":"com.appian.rpa.snippets.examples.browsermanager.BrowserManagerRobot","removedTimestamp":0,"color":"#000000","labels":["javier.advani","chrome-latest"],"instructions":[{"name":"platformURL","description":"","type":"STRING","defaultValue":"https://www.google.es/","required":true}],"technology":"JAVA","autoHotkey":{"executable":"","version":""},"autoIt":{"executable":"","version":""},"persist":true},"labels":["javier.advani","chrome-latest"]}