{"auditUser":"isidro.omenac","auditIp":"159.147.39.148","auditTimestamp":"2020-05-18 12:28:23","creationTS":1589183821472,"id":"5eb9054de4b08994675a2660","uniqueId":"5eb9054de4b08994675a2661","removedTimestamp":0,"name":"robot-snippet-generic-queue-manager-consumer","spokenName":"","expressions":{},"environment":{},"variables":{},"itemsName":"files","description":"Robot that retrieves an element from the queue and counts the words in the functional data of the element's content. First, the robot assigns today's date to the queue, if it exists. If not, the robot makes an exception. Then, it looks for the pending items in the queue and processes them, assigning one of them to itself and obtaining the field with the file contents. The robot then counts the words in the file contents and updates the functional data field of the queue item that holds the number of words. Finally, the robot finishes if there are no more elements to process.","involvedSystems":"","inputExpected":"","outputExpected":"","disabled":false,"testing":false,"minimumLogLevel":"TRACE","priority":"HIGHEST","simultaneousRunning":1,"restrictHours":false,"restrictHoursSchedule":{"auditUser":null,"auditIp":null,"auditTimestamp":null,"creationTS":1589804801114,"id":null,"robotName":null,"description":"","active":false,"color":"#000000","minutes":{"type":"WHEN","every":0,"whenText":null,"when":[]},"hours":{"type":"WHEN","every":0,"whenText":null,"when":[]},"days":{"type":"WHEN","every":0,"whenText":null,"when":[]},"daysOfWeek":{"type":"WHEN","every":0,"whenText":null,"when":[]},"instructions":[],"executionsToLaunch":1},"removeOldArtifacts":0,"removeOldArtifactsTimestamp":-1,"subResultTexts":{"RED":"","CYAN":"","LIME":"","CORAL":"","OLIVE":"","INDIGO":"","MAGENTA":"","CHOCOLATE":"","DARK_GRAY":"","LIGHT_GRAY":""},"lastExecution":1589530895650,"lastRobotLogId":"10266","robotBuilderConfig":{"auditUser":null,"auditIp":null,"auditTimestamp":null,"creationTS":1589183821472,"id":null,"repository":"https://rpa-coe-lab.appiancloud.com/rpa-repo/repository/jidoka/","group":"com.appian.rpa.snippets.examples","robot":"robot-snippet-generic-queue-manager-consumer","version":"0.0.1","url":null,"mainClass":"com.appian.snippets.examples.CountWordsRobot","removedTimestamp":0,"color":"#000000","labels":["snippet-official"],"instructions":[],"technology":"JAVA","autoHotkey":{"executable":"","version":""},"autoIt":{"executable":"","version":""},"persist":true},"labels":["snippet-official"]}