{"auditUser":"isidro.omenac","auditIp":"159.147.39.148","auditTimestamp":"2020-05-18 12:28:23","creationTS":1589804801133,"id":"5eb9054de4b08994675a2660","removedTimestamp":0,"shapes":[{"id":"awe-key-f-Main1","type":"ELLIPSE","x":100,"y":124,"width":50,"height":50,"text":"Start","action":null,"parameters":null,"returnClazz":null,"actions":[{"action":"init","paramsValues":[],"returnClazz":""}]},{"id":"awe-key-f-Main17","type":"ELLIPSE","x":318,"y":290,"width":50,"height":50,"text":"End","action":null,"parameters":null,"returnClazz":null,"actions":[{"action":"end","paramsValues":[],"returnClazz":""}]},{"id":"awe-key-f-Main33","type":"RECT","x":490,"y":74,"width":100,"height":100,"text":"Count Words","action":null,"parameters":null,"returnClazz":null,"actions":[{"action":"countWords","paramsValues":[],"returnClazz":""}]},{"id":"awe-key-f-Main49","type":"RECT","x":490,"y":227,"width":100,"height":100,"text":"Update Queue|Item","action":null,"parameters":null,"returnClazz":null,"actions":[{"action":"updateQueueItem","paramsValues":[],"returnClazz":""}]},{"id":"awe-key-f-Main65","type":"RHOMB","x":318,"y":64,"width":127,"height":120,"text":"Has more |items?","action":null,"parameters":null,"returnClazz":null,"actions":[{"action":"hasMoreItems","paramsValues":[],"returnClazz":""}]}],"arrows":[{"origin":"awe-key-f-Main65","originSide":"N","destination":"awe-key-f-Main33","destinationSide":"N","text":"yes"},{"origin":"awe-key-f-Main33","originSide":"S","destination":"awe-key-f-Main49","destinationSide":"N","text":""},{"origin":"awe-key-f-Main65","originSide":"S","destination":"awe-key-f-Main17","destinationSide":"N","text":"no"},{"origin":"awe-key-f-Main1","originSide":"E","destination":"awe-key-f-Main65","destinationSide":"W","text":""},{"origin":"awe-key-f-Main49","originSide":"W","destination":"awe-key-f-Main65","destinationSide":"E","text":""}],"notes":[],"sections":[],"libraries":[],"persist":true}