<?xml version="1.0" encoding="UTF-8" standalone="yes"?>
<contentHaul xmlns:a="http://www.appian.com/ae/types/2009">
    <versionUuid>_a-0000e50e-40e1-8000-9bbe-011c48011c48_65108</versionUuid>
    <rule>
        <name>Nasdaq_CompanyNotFound</name>
        <uuid>_a-0000e50e-40e1-8000-9bbe-011c48011c48_64186</uuid>
        <description>Template - Form for Business Exception cases</description>
        <parentUuid>_a-0000e50e-40e1-8000-9bbe-011c48011c48_64172</parentUuid>
        <visibility>
            <advertise>false</advertise>
            <hierarchy>true</hierarchy>
            <indexable>true</indexable>
            <quota>false</quota>
            <searchable>true</searchable>
            <system>false</system>
            <unlogged>false</unlogged>
        </visibility>
        <definition>/*Duplicate this template before using it*/

load(
  local!caseDeatils:ri!caseDetails,
  local!documents:ri!documents,
  local!caseCommentsIndex:{1,2},
  local!editComments:false,
  local!allCaseComments: #"_a-0000e3c1-097b-8000-9ba6-011c48011c48_65514"(
    id: ri!caseDetails.id,
    type: #"_a-0000e3fa-ba91-8000-9ba8-011c48011c48_46329",
    pagingInfo: #"SYSTEM_SYSRULES_pagingInfo"(
      startIndex: 1,
      batchSize: - 1,
      sort: #"SYSTEM_SYSRULES_sortInfo"(
        field: "createdOn",
        ascending: false()
      )
    )
  ),
  local!caseComments: if(
    #"_a-0000e236-0372-8000-e99f-01ef9001ef90_57013"(
      index(
        local!allCaseComments,
        "data",
        null
      )
    ),
    null,
    reject(
      #"_a-0000e236-0372-8000-e99f-01ef9001ef90_57013",
      index(
        local!allCaseComments.data,
        local!caseCommentsIndex,
        null
      )
    )
  ),


  #"SYSTEM_SYSRULES_formLayout_v1"(
    label: ri!caseDetails.title,
    contents: {
      #"SYSTEM_SYSRULES_cardLayout"(
        contents: {


          #"SYSTEM_SYSRULES_richTextDisplayField"(
            labelPosition: "COLLAPSED",
            value: {
              #"SYSTEM_SYSRULES_richTextIcon"(
                icon:"exclamation-circle",
                color: "NEGATIVE"
              ),
              #"SYSTEM_SYSRULES_richTextItem_v1"(
                text: {

                  " Save the Comments before Submiting"

                }
              )
            }
          )
        },
        showWhen: 
        local!editComments
        ,
        style: "ERROR",
        marginBelow: "STANDARD",
        accessibilityText: "Warning message"
      ),
      #"SYSTEM_SYSRULES_columnsLayout"(
        columns: 
        {
          #"9f1a09a7-6434-4d07-98b7-9538ce16971f"(
            caseDetails:ri!caseDetails, 
            caseComments:local!caseComments, 
            documents:ri!documents,
            isReadOnly:false, 
            existingDocs:null, 
            isEditComments:local!editComments, 
            caseCommentsIndex:local!caseCommentsIndex, 
            allCaseComments:local!allCaseComments
          ),
          #"SYSTEM_SYSRULES_columnLayout"(
            contents: {
              #"_a-0000e50e-40e1-8000-9bbe-011c48011c48_64192"(
                ri!enterprise
              )
            }
          )
        }
      )
    },
    buttons: #"a7ec6a10-5a05-46bf-a658-efa58e8d3fb1"(
      caseDetails:ri!caseDetails,
      buttonAction: ri!action,
      isEditComments:local!editComments, 
      caseComments:ri!caseComments, 
      localCaseComments: local!caseComments
    )
  )

)</definition>
        <namedTypedValue>
            <name>caseDetails</name>
            <type>
                <name>RWM_CASE_DETAILS</name>
                <namespace>urn:com:appian:types</namespace>
            </type>
        </namedTypedValue>
        <namedTypedValue>
            <name>action</name>
            <type>
                <name>string</name>
                <namespace>http://www.w3.org/2001/XMLSchema</namespace>
            </type>
            <value/>
        </namedTypedValue>
        <namedTypedValue>
            <name>caseComments</name>
            <type>
                <name>RWM_CASE_COMMENTS?list</name>
                <namespace>urn:com:appian:types</namespace>
            </type>
        </namedTypedValue>
        <namedTypedValue>
            <name>documents</name>
            <type>
                <name>CollaborationDocument?list</name>
                <namespace>http://www.appian.com/ae/types/2009</namespace>
            </type>
        </namedTypedValue>
        <namedTypedValue>
            <name>inputs</name>
            <type>
                <name>Variant</name>
                <namespace>http://www.appian.com/ae/types/2009</namespace>
            </type>
        </namedTypedValue>
        <namedTypedValue>
            <name>enterprise</name>
            <type>
                <name>Enterprise</name>
                <namespace>urn:com:appian:nasdaq</namespace>
            </type>
        </namedTypedValue>
        <preferredEditor>interface</preferredEditor>
        <offlineEnabled>false</offlineEnabled>
    </rule>
    <roleMap public="true">
        <role inherit="true" allowForAll="false" name="readers">
            <users/>
            <groups/>
        </role>
        <role inherit="true" allowForAll="false" name="authors">
            <users/>
            <groups/>
        </role>
        <role inherit="true" allowForAll="false" name="administrators">
            <users/>
            <groups/>
        </role>
        <role inherit="false" allowForAll="false" name="denyReaders">
            <users/>
            <groups/>
        </role>
        <role inherit="false" allowForAll="false" name="denyAuthors">
            <users/>
            <groups/>
        </role>
        <role inherit="false" allowForAll="false" name="denyAdministrators">
            <users/>
            <groups/>
        </role>
    </roleMap>
    <history>
        <historyInfo versionUuid="_a-0000e50e-40e1-8000-9bbe-011c48011c48_65108"/>
    </history>
</contentHaul>
