<?xml version="1.0" encoding="UTF-8" standalone="yes"?>
<contentHaul xmlns:a="http://www.appian.com/ae/types/2009">
    <versionUuid>_a-0000e529-5750-8000-9bc8-011c48011c48_73026</versionUuid>
    <rule>
        <name>Nasdaq_CompanyNotFound_Solve</name>
        <uuid>_a-0000e50e-40e1-8000-9bbe-011c48011c48_64192</uuid>
        <description>Interface for validating a company not found message</description>
        <parentUuid>_a-0000e50e-40e1-8000-9bbe-011c48011c48_64172</parentUuid>
        <visibility>
            <advertise>false</advertise>
            <hierarchy>true</hierarchy>
            <indexable>true</indexable>
            <quota>false</quota>
            <searchable>true</searchable>
            <system>false</system>
            <unlogged>false</unlogged>
        </visibility>
        <definition>a!localVariables(
  #"SYSTEM_SYSRULES_boxLayout"(
    label: "Manage Exception Enterprise not found",
    contents: {
      #"SYSTEM_SYSRULES_columnsLayout"(
        columns: {
          #"SYSTEM_SYSRULES_columnLayout"(
            contents: {
              #"SYSTEM_SYSRULES_textField"(
                label: "Enterprise Symbol",
                labelPosition: "ABOVE",
                instructions: "Insert the right symbol of the Company",
                helpTooltip: "This is the name of the entreprise not found on nasdaq.com",
                value: ri!enterprise.symbol,
                saveInto: ri!enterprise.symbol,
                refreshAfter: "UNFOCUS",
                readOnly: false,
                validations: {}
              )
            },
            width: "AUTO"
          )
        },
        showDividers: false
      ),
      #"SYSTEM_SYSRULES_columnsLayout"(
        columns: {
          #"SYSTEM_SYSRULES_columnLayout"(
            contents: {
              #"SYSTEM_SYSRULES_documentViewerField"(
                label: "nasdaq.com screenshot",
                labelPosition: "ABOVE",
                helpTooltip: "This is the error in nasdaq.com",
                document: todocument(
                  ri!enterprise.screenshot
                ),
                height: "TALL"
              )
            },
            width: "AUTO"
          )
        }
      )
    }
  )
)</definition>
        <namedTypedValue>
            <name>enterprise</name>
            <type>
                <name>Enterprise</name>
                <namespace>urn:com:appian:nasdaq</namespace>
            </type>
        </namedTypedValue>
        <preferredEditor>interface</preferredEditor>
        <offlineEnabled>false</offlineEnabled>
    </rule>
    <roleMap public="true">
        <role inherit="true" allowForAll="false" name="readers">
            <users/>
            <groups/>
        </role>
        <role inherit="true" allowForAll="false" name="authors">
            <users/>
            <groups/>
        </role>
        <role inherit="true" allowForAll="false" name="administrators">
            <users/>
            <groups/>
        </role>
        <role inherit="false" allowForAll="false" name="denyReaders">
            <users/>
            <groups/>
        </role>
        <role inherit="false" allowForAll="false" name="denyAuthors">
            <users/>
            <groups/>
        </role>
        <role inherit="false" allowForAll="false" name="denyAdministrators">
            <users/>
            <groups/>
        </role>
    </roleMap>
    <typedValue>
        <type>
            <name>RuleTestConfig?list</name>
            <namespace>http://www.appian.com/ae/types/2009</namespace>
        </type>
        <value>
            <el>
                <a:name/>
                <a:ruleInputTestConfigs>
                    <a:value xmlns:xsi="http://www.w3.org/2001/XMLSchema-instance" xsi:type="a:Expression">'type!{urn:com:appian:nasdaq}Enterprise'(
  symbol: "Google" 
)</a:value>
                    <a:nameRef>enterprise</a:nameRef>
                    <a:id>1</a:id>
                </a:ruleInputTestConfigs>
                <a:assertions xmlns:xsi="http://www.w3.org/2001/XMLSchema-instance" xsi:nil="true"/>
            </el>
        </value>
    </typedValue>
    <history>
        <historyInfo versionUuid="_a-0000e529-5750-8000-9bc8-011c48011c48_73026"/>
    </history>
</contentHaul>
