<?xml version="1.0" encoding="UTF-8" standalone="yes"?>
<contentHaul xmlns:a="http://www.appian.com/ae/types/2009">
    <versionUuid>_a-0000e529-5750-8000-9bc8-011c48011c48_73253</versionUuid>
    <outboundIntegration>
        <name>Nasdaq_ExecuteRoboticProcess</name>
        <uuid>_a-0000e50e-40e1-8000-9bbe-011c48011c48_64937</uuid>
        <description></description>
        <parentUuid>_a-0000e50e-40e1-8000-9bbe-011c48011c48_64172</parentUuid>
        <visibility>
            <advertise>false</advertise>
            <hierarchy>true</hierarchy>
            <indexable>true</indexable>
            <quota>false</quota>
            <searchable>true</searchable>
            <system>false</system>
            <unlogged>false</unlogged>
        </visibility>
        <definition></definition>
        <namedTypedValue>
            <name>enterprise</name>
            <type>
                <name>Enterprise</name>
                <namespace>urn:com:appian:nasdaq</namespace>
            </type>
        </namedTypedValue>
        <namedTypedValue>
            <name>onSuccess</name>
            <type>
                <name>Variant</name>
                <namespace>http://www.appian.com/ae/types/2009</namespace>
            </type>
        </namedTypedValue>
        <namedTypedValue>
            <name>onError</name>
            <type>
                <name>Variant</name>
                <namespace>http://www.appian.com/ae/types/2009</namespace>
            </type>
        </namedTypedValue>
        <metadataExpr>{
deferredRuleInputs: {
    onSuccess: {
      "fv!result": 'type!{http://www.appian.com/ae/types/2009}Dictionary'
    },
    onError: {
      "fv!result": 'type!{http://www.appian.com/ae/types/2009}Dictionary',
      "fv!error": 'type!{http://www.appian.com/ae/types/2009}Dictionary',
      "fv!connectedSystem": 'type!{http://www.appian.com/ae/types/2009}ConnectedSystem'
    }
  }
}</metadataExpr>
        <preferredEditor>legacy</preferredEditor>
        <offlineEnabled>false</offlineEnabled>
        <sharedConfigParameters>
            <a:Dictionary xmlns:xsd="http://www.w3.org/2001/XMLSchema" xmlns:xsi="http://www.w3.org/2001/XMLSchema-instance"/>
        </sharedConfigParameters>
        <configParameters>
            <a:Dictionary xmlns:xsd="http://www.w3.org/2001/XMLSchema" xmlns:xsi="http://www.w3.org/2001/XMLSchema-instance">
                <types xsi:type="a:Dictionary">
                    <instructionsLocalType xsi:type="a:Dictionary">
                        <properties xsi:type="a:Dictionary?list">
                            <item>
<description xsi:nil="true" xsi:type="a:Null"/>
<refresh xsi:type="xsd:string">NEVER</refresh>
<placeholder xsi:nil="true" xsi:type="a:Null"/>
<isImportCustomizable xsi:type="xsd:boolean">false</isImportCustomizable>
<instructionText xsi:type="xsd:string">Excel to read data from Enterprises</instructionText>
<isExpressionable xsi:type="xsd:boolean">true</isExpressionable>
<label xsi:type="xsd:string">inputFile</label>
<isRequired xsi:type="xsd:boolean">false</isRequired>
<displayHint xsi:type="xsd:string">NORMAL</displayHint>
<key xsi:type="xsd:string">inputFile</key>
<isHidden xsi:type="xsd:boolean">false</isHidden>
<isReadOnly xsi:type="xsd:boolean">false</isReadOnly>
<type xsi:type="xsd:string">DOCUMENT</type>
                            </item>
                            <item>
<description xsi:nil="true" xsi:type="a:Null"/>
<refresh xsi:type="xsd:string">NEVER</refresh>
<placeholder xsi:nil="true" xsi:type="a:Null"/>
<isImportCustomizable xsi:type="xsd:boolean">false</isImportCustomizable>
<instructionText xsi:type="xsd:string"/>
<isExpressionable xsi:type="xsd:boolean">true</isExpressionable>
<label xsi:type="xsd:string">enterpriseSymbolCorrected</label>
<isRequired xsi:type="xsd:boolean">false</isRequired>
<displayHint xsi:type="xsd:string">NORMAL</displayHint>
<hasTransientChoices xsi:type="xsd:boolean">false</hasTransientChoices>
<key xsi:type="xsd:string">enterpriseSymbolCorrected</key>
<isHidden xsi:type="xsd:boolean">false</isHidden>
<isMasked xsi:type="xsd:boolean">false</isMasked>
<isReadOnly xsi:type="xsd:boolean">false</isReadOnly>
<type xsi:type="xsd:string">STRING</type>
                            </item>
                        </properties>
                        <name xsi:type="xsd:string">instructionsLocalType</name>
                    </instructionsLocalType>
                    <RootType xsi:type="a:Dictionary">
                        <properties xsi:type="a:Dictionary?list">
                            <item>
<description xsi:nil="true" xsi:type="a:Null"/>
<refresh xsi:type="xsd:string">ALWAYS</refresh>
<placeholder xsi:type="xsd:string">Select a robotic process</placeholder>
<isImportCustomizable xsi:type="xsd:boolean">false</isImportCustomizable>
<instructionText xsi:type="xsd:string">Name of the robotic process to be executed</instructionText>
<isExpressionable xsi:type="xsd:boolean">false</isExpressionable>
<choices xsi:type="a:Dictionary?list">
    <item>
        <name xsi:type="xsd:string">A - robot-demo-payroll-ui-automation</name>
        <value xsi:type="xsd:string">robot-demo-payroll-ui-automation</value>
    </item>
    <item>
        <name xsi:type="xsd:string">A-Busqueda Infocif - Demos - JIDOKA</name>
        <value xsi:type="xsd:string">busqueda-infocif-demo</value>
    </item>
    <item>
        <name xsi:type="xsd:string">A-Kiid Extractor Demos - JIDOKA</name>
        <value xsi:type="xsd:string">robot-kiid-extractor-demo</value>
    </item>
    <item>
        <name xsi:type="xsd:string">Abbyy-CheckBox</name>
        <value xsi:type="xsd:string">5ed50b46e4b0a55ba7f678e1</value>
    </item>
    <item>
        <name xsi:type="xsd:string">Abbyy-InvoicesReader</name>
        <value xsi:type="xsd:string">5ed5143ce4b0a55ba7f678fd</value>
    </item>
    <item>
        <name xsi:type="xsd:string">Abbyy-InvoicesReader-DoubleCheck</name>
        <value xsi:type="xsd:string">5ee9fbb8e4b0d008a005290e</value>
    </item>
    <item>
        <name xsi:type="xsd:string">Abbyy-InvoicesReader-DoubleCheck_Task</name>
        <value xsi:type="xsd:string">5eeb10dde4b0da2387031a23</value>
    </item>
    <item>
        <name xsi:type="xsd:string">Abbyy-Mod600</name>
        <value xsi:type="xsd:string">5ed51e4ae4b0a55ba7f67928</value>
    </item>
    <item>
        <name xsi:type="xsd:string">Abbyy-ReadDocument</name>
        <value xsi:type="xsd:string">5ed50389e4b0a55ba7f678d0</value>
    </item>
    <item>
        <name xsi:type="xsd:string">Add-Permissions</name>
        <value xsi:type="xsd:string">5e997384e4b08994675a20af</value>
    </item>
    <item>
        <name xsi:type="xsd:string">anavio-helloWorld</name>
        <value xsi:type="xsd:string">5e7dd431e4b08f477f06ba65</value>
    </item>
    <item>
        <name xsi:type="xsd:string">basic.robotic.template-jlrv</name>
        <value xsi:type="xsd:string">5f92817ce4b01b95ca1d8708</value>
    </item>
    <item>
        <name xsi:type="xsd:string">blank-test-001-delete</name>
        <value xsi:type="xsd:string">5ebd4df9e4b08994675a27cf</value>
    </item>
    <item>
        <name xsi:type="xsd:string">BlankBot</name>
        <value xsi:type="xsd:string">5ef1e1f7e4b0da2387031b33</value>
    </item>
    <item>
        <name xsi:type="xsd:string">Bot_outlook</name>
        <value xsi:type="xsd:string">5f886e82e4b01b95ca1d8681</value>
    </item>
    <item>
        <name xsi:type="xsd:string">Browser-Scraper-Appian-News-APP</name>
        <value xsi:type="xsd:string">5eb3ea41e4b0e4464dfaecc2</value>
    </item>
    <item>
        <name xsi:type="xsd:string">browser.temlate.dcatalan</name>
        <value xsi:type="xsd:string">5f7588e9e4b01b95ca1d8438</value>
    </item>
    <item>
        <name xsi:type="xsd:string">Browser.template.username2</name>
        <value xsi:type="xsd:string">5e8c8ca1e4b08994675a1cdc</value>
    </item>
    <item>
        <name xsi:type="xsd:string">BrowserRobot</name>
        <value xsi:type="xsd:string">5e73ea69f78e5351176edaec</value>
    </item>
    <item>
        <name xsi:type="xsd:string">Captcha-Appian-Integration-Robot</name>
        <value xsi:type="xsd:string">5ecd182be4b08994675a2c19</value>
    </item>
    <item>
        <name xsi:type="xsd:string">Captcha-Libraries-Robot</name>
        <value xsi:type="xsd:string">5ed5122ae4b0a55ba7f678f6</value>
    </item>
    <item>
        <name xsi:type="xsd:string">Captcha-Libraries-Robot-DEV</name>
        <value xsi:type="xsd:string">5efafafce4b0da2387031c19</value>
    </item>
    <item>
        <name xsi:type="xsd:string">Captcha-Library-Robot</name>
        <value xsi:type="xsd:string">5f86f009e4b01b95ca1d85fe</value>
    </item>
    <item>
        <name xsi:type="xsd:string">clone-robot-snippet-3270-manager</name>
        <value xsi:type="xsd:string">5ec40924e4b08994675a2957</value>
    </item>
    <item>
        <name xsi:type="xsd:string">Covid-19 Reports DEMO</name>
        <value xsi:type="xsd:string">5e9ef41be4b08994675a21f5</value>
    </item>
    <item>
        <name xsi:type="xsd:string">Covid-19-Reports-Isidro.Omenac</name>
        <value xsi:type="xsd:string">5ef47d70e4b0da2387031b98</value>
    </item>
    <item>
        <name xsi:type="xsd:string">Covid-19-Simple-Report</name>
        <value xsi:type="xsd:string">5ebda9eae4b08994675a27de</value>
    </item>
    <item>
        <name xsi:type="xsd:string">Covid-19_Reports_DEMO</name>
        <value xsi:type="xsd:string">5eb9b0c6e4b08994675a269b</value>
    </item>
    <item>
        <name xsi:type="xsd:string">Covid-19Reports</name>
        <value xsi:type="xsd:string">covid-sc-support-robot</value>
    </item>
    <item>
        <name xsi:type="xsd:string">Covid19_Reports_DEMO_OFFICIAL</name>
        <value xsi:type="xsd:string">5efaffc6e4b0da2387031c2a</value>
    </item>
    <item>
        <name xsi:type="xsd:string">Covid19_Reports_DEV</name>
        <value xsi:type="xsd:string">robot-sc-support-ppt-covid</value>
    </item>
    <item>
        <name xsi:type="xsd:string">Create-Users-Console</name>
        <value xsi:type="xsd:string">5ee23dd3e4b0d008a0052806</value>
    </item>
    <item>
        <name xsi:type="xsd:string">csi-jira-robot</name>
        <value xsi:type="xsd:string">5ec7b421e4b08994675a2b3a</value>
    </item>
    <item>
        <name xsi:type="xsd:string">DC-process-validated-invoices</name>
        <value xsi:type="xsd:string">5f227920e4b0fa01f3b0852a</value>
    </item>
    <item>
        <name xsi:type="xsd:string">dcatalan.bole.bankia</name>
        <value xsi:type="xsd:string">5f6a001ae4b042acad1c03be</value>
    </item>
    <item>
        <name xsi:type="xsd:string">dcatalan.businessexception</name>
        <value xsi:type="xsd:string">5f27d7f0e4b0d35cb49884df</value>
    </item>
    <item>
        <name xsi:type="xsd:string">dcatalan.demo.vnc</name>
        <value xsi:type="xsd:string">5f8fda8ee4b01b95ca1d86c8</value>
    </item>
    <item>
        <name xsi:type="xsd:string">dcatalan.tutorial</name>
        <value xsi:type="xsd:string">5ef2055ae4b0da2387031b4d</value>
    </item>
    <item>
        <name xsi:type="xsd:string">DefaultParametersRobot</name>
        <value xsi:type="xsd:string">5f574386e4b0966938131b7e</value>
    </item>
    <item>
        <name xsi:type="xsd:string">demo.idp</name>
        <value xsi:type="xsd:string">5ece17bee4b042ec079e7a98</value>
    </item>
    <item>
        <name xsi:type="xsd:string">DEV-CredentialsRobot</name>
        <value xsi:type="xsd:string">5eaa8993e4b08994675a23fa</value>
    </item>
    <item>
        <name xsi:type="xsd:string">DEV-falcon-test-ocr</name>
        <value xsi:type="xsd:string">5eaab6bbe4b08994675a241d</value>
    </item>
    <item>
        <name xsi:type="xsd:string">DEV-Nasdaq Stock Market App</name>
        <value xsi:type="xsd:string">5e9814c5e4b08994675a2076</value>
    </item>
    <item>
        <name xsi:type="xsd:string">DoubleCheck_Invoices</name>
        <value xsi:type="xsd:string">5f576f78e4b0966938131bc3</value>
    </item>
    <item>
        <name xsi:type="xsd:string">EDGAR Companies Search - Advani</name>
        <value xsi:type="xsd:string">edgar-companies-search-advani</value>
    </item>
    <item>
        <name xsi:type="xsd:string">EDGAR Companies Search - DEMO</name>
        <value xsi:type="xsd:string">5ee9c7e1e4b0d008a00528f3</value>
    </item>
    <item>
        <name xsi:type="xsd:string">EDGAR Companies Search - DEV - Isidro Omenac</name>
        <value xsi:type="xsd:string">EDGAR-Companies-Search---test</value>
    </item>
    <item>
        <name xsi:type="xsd:string">EDGAR-Companies-Search</name>
        <value xsi:type="xsd:string">5e832540e4b011c4f16ce59e</value>
    </item>
    <item>
        <name xsi:type="xsd:string">EDGAR_Companies_Search_Davinio</name>
        <value xsi:type="xsd:string">5f287801e4b0d35cb498850e</value>
    </item>
    <item>
        <name xsi:type="xsd:string">error-before-instructions</name>
        <value xsi:type="xsd:string">5f06dde1e4b0da2387031d90</value>
    </item>
    <item>
        <name xsi:type="xsd:string">Exaples-UI</name>
        <value xsi:type="xsd:string">5e7cc71ae4b08a2a28fbb389</value>
    </item>
    <item>
        <name xsi:type="xsd:string">Excel-Data-Entry</name>
        <value xsi:type="xsd:string">5e8c20d8e4b08994675a1b93</value>
    </item>
    <item>
        <name xsi:type="xsd:string">Excel-Data-Entry-APP</name>
        <value xsi:type="xsd:string">5e4c23f0e4b0253c7b7e4eca</value>
    </item>
    <item>
        <name xsi:type="xsd:string">excel-dataprovider-dcatalan</name>
        <value xsi:type="xsd:string">5e85bf15e4b08f477f06bb6b</value>
    </item>
    <item>
        <name xsi:type="xsd:string">ExcelDataProvider.template.dcatalan</name>
        <value xsi:type="xsd:string">5e85bfe4e4b08f477f06bb6e</value>
    </item>
    <item>
        <name xsi:type="xsd:string">ExcelDataProvider.template.username</name>
        <value xsi:type="xsd:string">5e8ae0cfe4b08f477f06bc94</value>
    </item>
    <item>
        <name xsi:type="xsd:string">ExcelRobot</name>
        <value xsi:type="xsd:string">5f0de86de4b0da2387031ebe</value>
    </item>
    <item>
        <name xsi:type="xsd:string">falcon-robot-test</name>
        <value xsi:type="xsd:string">5f9aecc3e4b01b95ca1d87be</value>
    </item>
    <item>
        <name xsi:type="xsd:string">falcon-test</name>
        <value xsi:type="xsd:string">5ebe66dbe4b08994675a2820</value>
    </item>
    <item>
        <name xsi:type="xsd:string">falcon.roboticprocess</name>
        <value xsi:type="xsd:string">5f645445e4b055cfed549b14</value>
    </item>
    <item>
        <name xsi:type="xsd:string">falcon.template.username</name>
        <value xsi:type="xsd:string">5eb129b9e4b08994675a24b7</value>
    </item>
    <item>
        <name xsi:type="xsd:string">FAPIIS-Robot-DEV</name>
        <value xsi:type="xsd:string">5f48e5e9e4b089319c0b8c5b</value>
    </item>
    <item>
        <name xsi:type="xsd:string">Final-Assignment---Javier-Advani</name>
        <value xsi:type="xsd:string">5e7b2988e4b08a2a28fbb2e9</value>
    </item>
    <item>
        <name xsi:type="xsd:string">final-assignment-javier-advani</name>
        <value xsi:type="xsd:string">5e7b535de4b08a2a28fbb308</value>
    </item>
    <item>
        <name xsi:type="xsd:string">GAM-ContractDirectorySearch</name>
        <value xsi:type="xsd:string">5eea70b1e4b04285ec9dc542</value>
    </item>
    <item>
        <name xsi:type="xsd:string">GAM-Fapiis-Process</name>
        <value xsi:type="xsd:string">5eebcae1e4b04285ec9dc59f</value>
    </item>
    <item>
        <name xsi:type="xsd:string">GAM-Fapiis-Process-isidro.omenac</name>
        <value xsi:type="xsd:string">5f4cd18ae4b089319c0b8d36</value>
    </item>
    <item>
        <name xsi:type="xsd:string">GAM-Fapiis-Process-juan.rodriguez</name>
        <value xsi:type="xsd:string">5f50a84ee4b089319c0b8f08</value>
    </item>
    <item>
        <name xsi:type="xsd:string">GAM-gsa-library-robot</name>
        <value xsi:type="xsd:string">5f575f27e4b0966938131b9d</value>
    </item>
    <item>
        <name xsi:type="xsd:string">GAM-GSAeLibraryContractorLookup</name>
        <value xsi:type="xsd:string">5ee7cd2fe4b04285ec9dc4ee</value>
    </item>
    <item>
        <name xsi:type="xsd:string">GAM-ICD-Robot</name>
        <value xsi:type="xsd:string">5f5625fce4b0966938131b51</value>
    </item>
    <item>
        <name xsi:type="xsd:string">GAM-SBA-Robot</name>
        <value xsi:type="xsd:string">5f48ce1fe4b089319c0b8c43</value>
    </item>
    <item>
        <name xsi:type="xsd:string">GAM-SBA-Robot-ORIGINAL</name>
        <value xsi:type="xsd:string">5f4f5ea9e4b089319c0b8e3d</value>
    </item>
    <item>
        <name xsi:type="xsd:string">Gartner_Peer_Reviews</name>
        <value xsi:type="xsd:string">5e95954ce4b08994675a1f8e</value>
    </item>
    <item>
        <name xsi:type="xsd:string">GSA-eLibrary-Robot-DEV</name>
        <value xsi:type="xsd:string">5f49008ae4b089319c0b8c72</value>
    </item>
    <item>
        <name xsi:type="xsd:string">Hello-World</name>
        <value xsi:type="xsd:string">5e84e612e4b08f477f06bb1a</value>
    </item>
    <item>
        <name xsi:type="xsd:string">hello-world-vdiaz</name>
        <value xsi:type="xsd:string">5e79ec48e4b08a2a28fbb278</value>
    </item>
    <item>
        <name xsi:type="xsd:string">hello-world-victor.diaz</name>
        <value xsi:type="xsd:string">5e7a2149e4b08a2a28fbb289</value>
    </item>
    <item>
        <name xsi:type="xsd:string">Hello_JP01</name>
        <value xsi:type="xsd:string">5fa16c2ae4b01b95ca1d87f3</value>
    </item>
    <item>
        <name xsi:type="xsd:string">HELLO_WORD_OS</name>
        <value xsi:type="xsd:string">5f63b7ade4b055cfed549b04</value>
    </item>
    <item>
        <name xsi:type="xsd:string">HelloWorld.dcatalan</name>
        <value xsi:type="xsd:string">5e70f0d3e4b015c75b89142a</value>
    </item>
    <item>
        <name xsi:type="xsd:string">HelloWorld_jp</name>
        <value xsi:type="xsd:string">5e7a8bdee4b08a2a28fbb29a</value>
    </item>
    <item>
        <name xsi:type="xsd:string">History</name>
        <value xsi:type="xsd:string">5f7d7ebde4b01b95ca1d859b</value>
    </item>
    <item>
        <name xsi:type="xsd:string">HW_CODE</name>
        <value xsi:type="xsd:string">5f63c03ee4b055cfed549b08</value>
    </item>
    <item>
        <name xsi:type="xsd:string">HW_TEST2</name>
        <value xsi:type="xsd:string">5f691179e4b00d09c8d8bd14</value>
    </item>
    <item>
        <name xsi:type="xsd:string">ICD-Robot-DEV</name>
        <value xsi:type="xsd:string">5f4bcceae4b089319c0b8ca9</value>
    </item>
    <item>
        <name xsi:type="xsd:string">instructionsRobot</name>
        <value xsi:type="xsd:string">5f7c4ec1e4b01b95ca1d8544</value>
    </item>
    <item>
        <name xsi:type="xsd:string">Jira Robot Close</name>
        <value xsi:type="xsd:string">5ec40096e4b08994675a2940</value>
    </item>
    <item>
        <name xsi:type="xsd:string">Jira Robot Full</name>
        <value xsi:type="xsd:string">5ec2917ae4b08994675a28a4</value>
    </item>
    <item>
        <name xsi:type="xsd:string">JIRA-ROBOT-DEMO</name>
        <value xsi:type="xsd:string">5ecbaed1e4b08994675a2b90</value>
    </item>
    <item>
        <name xsi:type="xsd:string">JP_SAP_1</name>
        <value xsi:type="xsd:string">5efa9fc0e4b0da2387031c08</value>
    </item>
    <item>
        <name xsi:type="xsd:string">LionKing</name>
        <value xsi:type="xsd:string">5e8d9a0be4b08994675a1d74</value>
    </item>
    <item>
        <name xsi:type="xsd:string">MS-Outlook-Upload-Attachments-APP</name>
        <value xsi:type="xsd:string">5e978267e4b0e4464dfaec0a</value>
    </item>
    <item>
        <name xsi:type="xsd:string">my-first-robot-myUserName-jp</name>
        <value xsi:type="xsd:string">my-first-robot-myUserName-jp</value>
    </item>
    <item>
        <name xsi:type="xsd:string">my_credentials_Snippet</name>
        <value xsi:type="xsd:string">5f72f6dee4b01b95ca1d83e8</value>
    </item>
    <item>
        <name xsi:type="xsd:string">myfirstrobot.dcatalan</name>
        <value xsi:type="xsd:string">5e84c7b3e4b08f477f06bb09</value>
    </item>
    <item>
        <name xsi:type="xsd:string">myfirstrobot.rmelero</name>
        <value xsi:type="xsd:string">5eb1903ee4b08994675a24ea</value>
    </item>
    <item>
        <name xsi:type="xsd:string">Nasdaq Stock Market</name>
        <value xsi:type="xsd:string">robot-nasdaq-stock-market-sc</value>
    </item>
    <item>
        <name xsi:type="xsd:string">Nasdaq Stock Market App - Advani</name>
        <value xsi:type="xsd:string">5eea0fdae4b0d008a005292d</value>
    </item>
    <item>
        <name xsi:type="xsd:string">Nasdaq-BusinessException</name>
        <value xsi:type="xsd:string">5fa3ecafe4b01b95ca1d8825</value>
    </item>
    <item>
        <name xsi:type="xsd:string">Nasdaq-Stock-Market-App</name>
        <value xsi:type="xsd:string">5e8c4358e4b08994675a1bd2</value>
    </item>
    <item>
        <name xsi:type="xsd:string">Nasdaq-Stock-Market-App-BusinessException</name>
        <value xsi:type="xsd:string">5f59d82ee4b03da95612fdc6</value>
    </item>
    <item>
        <name xsi:type="xsd:string">Nasdaq-Stock-Market-Appian-Integration</name>
        <value xsi:type="xsd:string">5eea035ae4b0d008a0052919</value>
    </item>
    <item>
        <name xsi:type="xsd:string">needless-robot-test</name>
        <value xsi:type="xsd:string">5ea7e663e4b08994675a2363</value>
    </item>
    <item>
        <name xsi:type="xsd:string">new-jira-robot</name>
        <value xsi:type="xsd:string">5ec539cee4b08994675a2a08</value>
    </item>
    <item>
        <name xsi:type="xsd:string">new-jira-robot-2</name>
        <value xsi:type="xsd:string">5ec796aee4b08994675a2ad6</value>
    </item>
    <item>
        <name xsi:type="xsd:string">new-jira-robot-3</name>
        <value xsi:type="xsd:string">5ec79cb9e4b08994675a2afd</value>
    </item>
    <item>
        <name xsi:type="xsd:string">new-jira-robot-4</name>
        <value xsi:type="xsd:string">5ec79e60e4b08994675a2b08</value>
    </item>
    <item>
        <name xsi:type="xsd:string">NewRobot</name>
        <value xsi:type="xsd:string">5ef1e4e2e4b0da2387031b35</value>
    </item>
    <item>
        <name xsi:type="xsd:string">OCR_Compare</name>
        <value xsi:type="xsd:string">5f340e13e4b0eb43aef18c3f</value>
    </item>
    <item>
        <name xsi:type="xsd:string">PDF-Utilities-Snippet-Robot</name>
        <value xsi:type="xsd:string">5f454c63e4b089319c0b8bda</value>
    </item>
    <item>
        <name xsi:type="xsd:string">QR-robot-example</name>
        <value xsi:type="xsd:string">5f48dbb5e4b089319c0b8c52</value>
    </item>
    <item>
        <name xsi:type="xsd:string">queue.template.launcher.username</name>
        <value xsi:type="xsd:string">5eda38d2e4b0a55ba7f67a8a</value>
    </item>
    <item>
        <name xsi:type="xsd:string">queue.template.username</name>
        <value xsi:type="xsd:string">5eb967bae4b08994675a2685</value>
    </item>
    <item>
        <name xsi:type="xsd:string">queues-victordiaz</name>
        <value xsi:type="xsd:string">5e9ea112e4b08994675a2139</value>
    </item>
    <item>
        <name xsi:type="xsd:string">rdp.browser</name>
        <value xsi:type="xsd:string">5f4e2129e4b089319c0b8dae</value>
    </item>
    <item>
        <name xsi:type="xsd:string">rdp.Covid-19Reports</name>
        <value xsi:type="xsd:string">5f4e32dae4b089319c0b8de8</value>
    </item>
    <item>
        <name xsi:type="xsd:string">rdp.falcon</name>
        <value xsi:type="xsd:string">5f4e2400e4b089319c0b8dc9</value>
    </item>
    <item>
        <name xsi:type="xsd:string">rdp.helloworld</name>
        <value xsi:type="xsd:string">5f4e1f0ee4b089319c0b8d9d</value>
    </item>
    <item>
        <name xsi:type="xsd:string">rdp.Nasdaq</name>
        <value xsi:type="xsd:string">5f4e2c25e4b089319c0b8dd9</value>
    </item>
    <item>
        <name xsi:type="xsd:string">rdp.uiautomation</name>
        <value xsi:type="xsd:string">5f4e295ce4b089319c0b8dd0</value>
    </item>
    <item>
        <name xsi:type="xsd:string">robot-demo-fsa-covid</name>
        <value xsi:type="xsd:string">5f117415e4b0da2387031f70</value>
    </item>
    <item>
        <name xsi:type="xsd:string">robot-demo-two-factor-GitHub-DUO</name>
        <value xsi:type="xsd:string">5f05827ce4b0da2387031d26</value>
    </item>
    <item>
        <name xsi:type="xsd:string">robot-demo-two-factor-GitHub-DUO-Desktop</name>
        <value xsi:type="xsd:string">5f0ef1dbe4b0da2387031ef3</value>
    </item>
    <item>
        <name xsi:type="xsd:string">robot-demo-two-factor-GitHub-GOOGLEAUTHENTICATOR</name>
        <value xsi:type="xsd:string">5efdbcf3e4b0da2387031c8b</value>
    </item>
    <item>
        <name xsi:type="xsd:string">robot-demo-two-factor-Tempo-ACCEPT</name>
        <value xsi:type="xsd:string">5f06d626e4b0da2387031d73</value>
    </item>
    <item>
        <name xsi:type="xsd:string">robot-developmentguide-assignment</name>
        <value xsi:type="xsd:string">5e660298e4b0c664540190d1</value>
    </item>
    <item>
        <name xsi:type="xsd:string">robot-developmentguide-excel-dataprovider</name>
        <value xsi:type="xsd:string">5e4a6b75e18edacba723b28b</value>
    </item>
    <item>
        <name xsi:type="xsd:string">robot-developmentguide-excel-dataprovider-jp</name>
        <value xsi:type="xsd:string">robot-developmentguide-excel-dataprovider-jp</value>
    </item>
    <item>
        <name xsi:type="xsd:string">robot-developmentguide-falcon</name>
        <value xsi:type="xsd:string">5e4a8918e18edacba723b2d8</value>
    </item>
    <item>
        <name xsi:type="xsd:string">robot-developmentguide-queues-create-and-launch</name>
        <value xsi:type="xsd:string">5e4d2051e4b0c664fc97e3e3</value>
    </item>
    <item>
        <name xsi:type="xsd:string">robot-developmentguide-queues-search</name>
        <value xsi:type="xsd:string">5e4a72abe18edacba723b298</value>
    </item>
    <item>
        <name xsi:type="xsd:string">robot-developmentguide-uiautomation</name>
        <value xsi:type="xsd:string">5e4a72c8e18edacba723b29b</value>
    </item>
    <item>
        <name xsi:type="xsd:string">robot-developmentguide-uiautomation-jp</name>
        <value xsi:type="xsd:string">5e7a99fee4b08a2a28fbb2b1</value>
    </item>
    <item>
        <name xsi:type="xsd:string">robot-element-counter</name>
        <value xsi:type="xsd:string">5ece80b1e4b021fba8e6a766</value>
    </item>
    <item>
        <name xsi:type="xsd:string">robot-events-consume-queue</name>
        <value xsi:type="xsd:string">5ed4d7d8e4b0a55ba7f67895</value>
    </item>
    <item>
        <name xsi:type="xsd:string">robot-events-fill-queue</name>
        <value xsi:type="xsd:string">5ed4d72fe4b0a55ba7f6788a</value>
    </item>
    <item>
        <name xsi:type="xsd:string">robot-final-assignment-david-camacho</name>
        <value xsi:type="xsd:string">5efc55fae4b0da2387031c47</value>
    </item>
    <item>
        <name xsi:type="xsd:string">robot-hawk-eye-drag drop</name>
        <value xsi:type="xsd:string">robot-hawk-eye-dragdrop</value>
    </item>
    <item>
        <name xsi:type="xsd:string">Robot-Jacob-Snippet</name>
        <value xsi:type="xsd:string">5f48a3eae4b089319c0b8c38</value>
    </item>
    <item>
        <name xsi:type="xsd:string">robot-library-3270-manager</name>
        <value xsi:type="xsd:string">5edf5f9ee4b0a55ba7f67ad7</value>
    </item>
    <item>
        <name xsi:type="xsd:string">robot-nasdaq-stock-market</name>
        <value xsi:type="xsd:string">robot-nasdaq-stock-market</value>
    </item>
    <item>
        <name xsi:type="xsd:string">robot-QR-snippet-libraries</name>
        <value xsi:type="xsd:string">5f77149be4b01b95ca1d84a9</value>
    </item>
    <item>
        <name xsi:type="xsd:string">Robot-Read-Blog-Multi-OS</name>
        <value xsi:type="xsd:string">5ec66f59e4b08994675a2a91</value>
    </item>
    <item>
        <name xsi:type="xsd:string">robot-sc-support-covid</name>
        <value xsi:type="xsd:string">5e830ef8e4b08f477f06ba74</value>
    </item>
    <item>
        <name xsi:type="xsd:string">robot-snippet-3270-manager</name>
        <value xsi:type="xsd:string">5eb13a0be4b08994675a24be</value>
    </item>
    <item>
        <name xsi:type="xsd:string">robot-snippet-application-manager</name>
        <value xsi:type="xsd:string">5eb5246be4b08994675a25f6</value>
    </item>
    <item>
        <name xsi:type="xsd:string">robot-snippet-browser-manager</name>
        <value xsi:type="xsd:string">5eb3d337e4b08994675a2575</value>
    </item>
    <item>
        <name xsi:type="xsd:string">robot-snippet-credentials</name>
        <value xsi:type="xsd:string">5eb28d91e4b08994675a251a</value>
    </item>
    <item>
        <name xsi:type="xsd:string">robot-snippet-credentials-libraries</name>
        <value xsi:type="xsd:string">5f7700c3e4b01b95ca1d8489</value>
    </item>
    <item>
        <name xsi:type="xsd:string">robot-snippet-email</name>
        <value xsi:type="xsd:string">5f463eb7e4b089319c0b8bf9</value>
    </item>
    <item>
        <name xsi:type="xsd:string">robot-snippet-excel-queue-manager</name>
        <value xsi:type="xsd:string">5ec3d57ee4b08994675a28f9</value>
    </item>
    <item>
        <name xsi:type="xsd:string">robot-snippet-ftp</name>
        <value xsi:type="xsd:string">5f6a08aee4b042acad1c03c5</value>
    </item>
    <item>
        <name xsi:type="xsd:string">robot-snippet-generic-queue-manager-consumer</name>
        <value xsi:type="xsd:string">5eb9054de4b08994675a2660</value>
    </item>
    <item>
        <name xsi:type="xsd:string">robot-snippet-generic-queue-manager-filler</name>
        <value xsi:type="xsd:string">5eb3d451e4b08994675a2580</value>
    </item>
    <item>
        <name xsi:type="xsd:string">robot-snippet-instruction</name>
        <value xsi:type="xsd:string">5ebbf68ae4b08994675a276c</value>
    </item>
    <item>
        <name xsi:type="xsd:string">robot-snippet-instruction-Academy</name>
        <value xsi:type="xsd:string">5ec6333ae4b08994675a2a53</value>
    </item>
    <item>
        <name xsi:type="xsd:string">robot-snippet-python</name>
        <value xsi:type="xsd:string">5f58b65ee4b0966938131c0e</value>
    </item>
    <item>
        <name xsi:type="xsd:string">robot-snippet-rest-api</name>
        <value xsi:type="xsd:string">5eb2be38e4b08994675a252c</value>
    </item>
    <item>
        <name xsi:type="xsd:string">robot-snippet-web-api</name>
        <value xsi:type="xsd:string">5ede021ee4b0a55ba7f67aae</value>
    </item>
    <item>
        <name xsi:type="xsd:string">robot-snippets-credentials-dcatalan</name>
        <value xsi:type="xsd:string">5f72f863e4b01b95ca1d83ed</value>
    </item>
    <item>
        <name xsi:type="xsd:string">robot-snippets-credentials-demo</name>
        <value xsi:type="xsd:string">5f73391ee4b01b95ca1d8405</value>
    </item>
    <item>
        <name xsi:type="xsd:string">robot-tutorial-calculator</name>
        <value xsi:type="xsd:string">5e9453d7e4b08994675a1eac</value>
    </item>
    <item>
        <name xsi:type="xsd:string">robot-tutorial-captcha</name>
        <value xsi:type="xsd:string">5ecd6544e4b08994675a2c2e</value>
    </item>
    <item>
        <name xsi:type="xsd:string">robot-tutorial-context</name>
        <value xsi:type="xsd:string">5e946439e4b08994675a1ebb</value>
    </item>
    <item>
        <name xsi:type="xsd:string">robot-tutorial-notepad</name>
        <value xsi:type="xsd:string">5e948f98e4b08994675a1ee8</value>
    </item>
    <item>
        <name xsi:type="xsd:string">robot-tutorial-queues</name>
        <value xsi:type="xsd:string">5e955dcbe4b08994675a1f0a</value>
    </item>
    <item>
        <name xsi:type="xsd:string">robot-tutorial-sections</name>
        <value xsi:type="xsd:string">5e9ea777e4b08994675a2140</value>
    </item>
    <item>
        <name xsi:type="xsd:string">robot-tutorial-statistics</name>
        <value xsi:type="xsd:string">5e96c739e4b08994675a201c</value>
    </item>
    <item>
        <name xsi:type="xsd:string">robot-tutorial-statistics-community</name>
        <value xsi:type="xsd:string">5efc9190e4b0da2387031c4c</value>
    </item>
    <item>
        <name xsi:type="xsd:string">robot-web</name>
        <value xsi:type="xsd:string">5ebaf05ee4b08994675a271f</value>
    </item>
    <item>
        <name xsi:type="xsd:string">robot-word-ppt-text-extraction</name>
        <value xsi:type="xsd:string">5ee7241fe4b0d008a0052819</value>
    </item>
    <item>
        <name xsi:type="xsd:string">Robot_test_1A</name>
        <value xsi:type="xsd:string">5eed48a1e4b0da2387031ae5</value>
    </item>
    <item>
        <name xsi:type="xsd:string">RobotHistory</name>
        <value xsi:type="xsd:string">5f7d6f62e4b01b95ca1d8570</value>
    </item>
    <item>
        <name xsi:type="xsd:string">santander.helloWorld</name>
        <value xsi:type="xsd:string">5f98498ae4b01b95ca1d8762</value>
    </item>
    <item>
        <name xsi:type="xsd:string">Santander_ModificacionFechaNacimiento</name>
        <value xsi:type="xsd:string">5ea6ea4ee4b08994675a2347</value>
    </item>
    <item>
        <name xsi:type="xsd:string">Santander_ModificacionFechaNacimiento_Partenon</name>
        <value xsi:type="xsd:string">5f985186e4b01b95ca1d876e</value>
    </item>
    <item>
        <name xsi:type="xsd:string">sap-test-javi</name>
        <value xsi:type="xsd:string">5efa0575e4b0da2387031c05</value>
    </item>
    <item>
        <name xsi:type="xsd:string">Send-Files-to-Appian</name>
        <value xsi:type="xsd:string">5e4d3d21e4b0f255f45a9469</value>
    </item>
    <item>
        <name xsi:type="xsd:string">Send-Files-to-Appian-APP</name>
        <value xsi:type="xsd:string">5e4d3d21e4b0f255f45a94a9</value>
    </item>
    <item>
        <name xsi:type="xsd:string">SGG008025_Recuperacion-IVA-Modelo-952</name>
        <value xsi:type="xsd:string">SGG008025_Recuperacion-IVA-Modelo-952</value>
    </item>
    <item>
        <name xsi:type="xsd:string">SLA-Priority-Management-HIGH</name>
        <value xsi:type="xsd:string">5f0d4e5ae4b0da2387031e91</value>
    </item>
    <item>
        <name xsi:type="xsd:string">SLA-Priority-Management-NORMAL</name>
        <value xsi:type="xsd:string">5f036ea0e4b0da2387031ce7</value>
    </item>
    <item>
        <name xsi:type="xsd:string">snippet-email-libraries-robot</name>
        <value xsi:type="xsd:string">5f801081e4b01b95ca1d85bc</value>
    </item>
    <item>
        <name xsi:type="xsd:string">snippet-ftp-client-libraries</name>
        <value xsi:type="xsd:string">5f7d9969e4b01b95ca1d85ab</value>
    </item>
    <item>
        <name xsi:type="xsd:string">snippets-api-rest</name>
        <value xsi:type="xsd:string">5e8b120ae4b08f477f06bd1f</value>
    </item>
    <item>
        <name xsi:type="xsd:string">snippets-libraries-7.2.0</name>
        <value xsi:type="xsd:string">5f73037de4b01b95ca1d83f1</value>
    </item>
    <item>
        <name xsi:type="xsd:string">Tag-Cloud-Generator-Robot</name>
        <value xsi:type="xsd:string">5ed896a1e4b0a55ba7f679e3</value>
    </item>
    <item>
        <name xsi:type="xsd:string">Tag-Cloud-Generator-Robot-DEV</name>
        <value xsi:type="xsd:string">5ee88767e4b0d008a005286e</value>
    </item>
    <item>
        <name xsi:type="xsd:string">template.dataprovider.irene</name>
        <value xsi:type="xsd:string">5eef1aade4b0da2387031aec</value>
    </item>
    <item>
        <name xsi:type="xsd:string">test</name>
        <value xsi:type="xsd:string">5f116ba2e4b0da2387031f6b</value>
    </item>
    <item>
        <name xsi:type="xsd:string">test-base-robot</name>
        <value xsi:type="xsd:string">5f987b36e4b01b95ca1d8777</value>
    </item>
    <item>
        <name xsi:type="xsd:string">test-deleteme</name>
        <value xsi:type="xsd:string">5fa27813e4b01b95ca1d880f</value>
    </item>
    <item>
        <name xsi:type="xsd:string">test-queues-reserve</name>
        <value xsi:type="xsd:string">5eb96c37e4b08994675a2688</value>
    </item>
    <item>
        <name xsi:type="xsd:string">Test-SBA-Robot</name>
        <value xsi:type="xsd:string">5f4f617ee4b089319c0b8e4d</value>
    </item>
    <item>
        <name xsi:type="xsd:string">Test.Robot</name>
        <value xsi:type="xsd:string">5f68c63fe4b00d09c8d8bd0e</value>
    </item>
    <item>
        <name xsi:type="xsd:string">Test.Robotic</name>
        <value xsi:type="xsd:string">5ef1e1a3e4b0da2387031b31</value>
    </item>
    <item>
        <name xsi:type="xsd:string">Test.Templates</name>
        <value xsi:type="xsd:string">5f71b53be4b01b95ca1d839c</value>
    </item>
    <item>
        <name xsi:type="xsd:string">test01-notepad-lmn</name>
        <value xsi:type="xsd:string">5f1e9468e4b05b4586307707</value>
    </item>
    <item>
        <name xsi:type="xsd:string">TEST_OS</name>
        <value xsi:type="xsd:string">5f63b598e4b055cfed549afe</value>
    </item>
    <item>
        <name xsi:type="xsd:string">test_robot</name>
        <value xsi:type="xsd:string">5e79bd78e4b08a2a28fbb26f</value>
    </item>
    <item>
        <name xsi:type="xsd:string">test_robot_blamk</name>
        <value xsi:type="xsd:string">5f7f17dde4b01b95ca1d85ba</value>
    </item>
    <item>
        <name xsi:type="xsd:string">test_test</name>
        <value xsi:type="xsd:string">5ec4e008e4b08994675a2976</value>
    </item>
    <item>
        <name xsi:type="xsd:string">testJira</name>
        <value xsi:type="xsd:string">5ec4ffa8e4b08994675a2996</value>
    </item>
    <item>
        <name xsi:type="xsd:string">UIAutomation.template.username</name>
        <value xsi:type="xsd:string">5e949956e4b08994675a1eed</value>
    </item>
    <item>
        <name xsi:type="xsd:string">UIAutomation.template.username2</name>
        <value xsi:type="xsd:string">5e96b3b3e4b08994675a1fef</value>
    </item>
    <item>
        <name xsi:type="xsd:string">vdias-template-falcon</name>
        <value xsi:type="xsd:string">5ebe59b8e4b08994675a27f9</value>
    </item>
    <item>
        <name xsi:type="xsd:string">vdiaz-falcon</name>
        <value xsi:type="xsd:string">5ebe613be4b08994675a2811</value>
    </item>
    <item>
        <name xsi:type="xsd:string">Vehicle History</name>
        <value xsi:type="xsd:string">5ea31a35e4b08994675a22d3</value>
    </item>
    <item>
        <name xsi:type="xsd:string">Virtualtraining.Browser</name>
        <value xsi:type="xsd:string">5ec53b6c6c1ce229d47e77f2</value>
    </item>
    <item>
        <name xsi:type="xsd:string">Virtualtraining.ExcelDataProvider</name>
        <value xsi:type="xsd:string">5ec53ba96c1ce229d47e77f5</value>
    </item>
    <item>
        <name xsi:type="xsd:string">Virtualtraining.Queue</name>
        <value xsi:type="xsd:string">5ec53bdc6c1ce229d47e77f8</value>
    </item>
    <item>
        <name xsi:type="xsd:string">Virtualtraining.UiAutomation</name>
        <value xsi:type="xsd:string">5ec53c0f6c1ce229d47e77fb</value>
    </item>
    <item>
        <name xsi:type="xsd:string">VirusScrapper</name>
        <value xsi:type="xsd:string">5e74802ae4b08a2a28fbb245</value>
    </item>
    <item>
        <name xsi:type="xsd:string">WPS_PDD_ROBOT</name>
        <value xsi:type="xsd:string">5f7241d6e4b01b95ca1d83cb</value>
    </item>
</choices>
<label xsi:type="xsd:string">Robotic Process</label>
<isRequired xsi:type="xsd:boolean">true</isRequired>
<displayHint xsi:type="xsd:string">NORMAL</displayHint>
<hasTransientChoices xsi:type="xsd:boolean">false</hasTransientChoices>
<key xsi:type="xsd:string">robot</key>
<isHidden xsi:type="xsd:boolean">false</isHidden>
<isMasked xsi:type="xsd:boolean">false</isMasked>
<isReadOnly xsi:type="xsd:boolean">false</isReadOnly>
<type xsi:type="xsd:string">STRING</type>
                            </item>
                            <item>
<description xsi:type="xsd:string">Only compatible resources (those that share the same permissions as the selected robotic process) are displayed in the dropdown.</description>
<refresh xsi:type="xsd:string">NEVER</refresh>
<placeholder xsi:type="xsd:string">First available resource</placeholder>
<isImportCustomizable xsi:type="xsd:boolean">false</isImportCustomizable>
<instructionText xsi:type="xsd:string">Name of the resource where the robotic process will be executed</instructionText>
<isExpressionable xsi:type="xsd:boolean">true</isExpressionable>
<choices xsi:type="a:Dictionary?list">
    <item>
        <name xsi:type="xsd:string">lab-continuous-testing (Online)</name>
        <value xsi:type="xsd:string">5eb2864be4b08994675a250c#1</value>
    </item>
</choices>
<label xsi:type="xsd:string">Resource</label>
<isRequired xsi:type="xsd:boolean">false</isRequired>
<displayHint xsi:type="xsd:string">NORMAL</displayHint>
<hasTransientChoices xsi:type="xsd:boolean">false</hasTransientChoices>
<key xsi:type="xsd:string">node</key>
<isHidden xsi:type="xsd:boolean">false</isHidden>
<isMasked xsi:type="xsd:boolean">false</isMasked>
<isReadOnly xsi:type="xsd:boolean">false</isReadOnly>
<type xsi:type="xsd:string">STRING</type>
                            </item>
                            <item>
<description xsi:type="xsd:string">Execution description will be displayed in the console</description>
<refresh xsi:type="xsd:string">NEVER</refresh>
<placeholder xsi:nil="true" xsi:type="a:Null"/>
<isImportCustomizable xsi:type="xsd:boolean">false</isImportCustomizable>
<instructionText xsi:nil="true" xsi:type="a:Null"/>
<isExpressionable xsi:type="xsd:boolean">true</isExpressionable>
<label xsi:type="xsd:string">Description</label>
<isRequired xsi:type="xsd:boolean">false</isRequired>
<displayHint xsi:type="xsd:string">NORMAL</displayHint>
<hasTransientChoices xsi:type="xsd:boolean">false</hasTransientChoices>
<key xsi:type="xsd:string">description</key>
<isHidden xsi:type="xsd:boolean">false</isHidden>
<isMasked xsi:type="xsd:boolean">false</isMasked>
<isReadOnly xsi:type="xsd:boolean">false</isReadOnly>
<type xsi:type="xsd:string">STRING</type>
                            </item>
                            <item>
<description xsi:nil="true" xsi:type="a:Null"/>
<refresh xsi:type="xsd:string">NEVER</refresh>
<placeholder xsi:nil="true" xsi:type="a:Null"/>
<isImportCustomizable xsi:type="xsd:boolean">false</isImportCustomizable>
<instructionText xsi:nil="true" xsi:type="a:Null"/>
<isExpressionable xsi:type="xsd:boolean">true</isExpressionable>
<label xsi:type="xsd:string">Robotic Process Instructions</label>
<isRequired xsi:type="xsd:boolean">true</isRequired>
<displayHint xsi:type="xsd:string">NORMAL</displayHint>
<key xsi:type="xsd:string">instructions</key>
<isHidden xsi:type="xsd:boolean">false</isHidden>
<isReadOnly xsi:type="xsd:boolean">false</isReadOnly>
<type xsi:type="xsd:string">#/types/instructionsLocalType</type>
                            </item>
                        </properties>
                        <name xsi:type="xsd:string">RootType</name>
                    </RootType>
                </types>
                <state xsi:type="a:Dictionary">
                    <a:entry key="#t" xsi:type="xsd:string">#/types/RootType</a:entry>
                    <node xsi:type="xsd:string"/>
                    <description xsi:type="xsd:string">Solved Business Exception </description>
                    <robot xsi:type="xsd:string">5fa3ecafe4b01b95ca1d8825</robot>
                    <instructions xsi:type="a:Dictionary">
                        <a:entry key="#t" xsi:type="xsd:string">#/types/instructionsLocalType</a:entry>
                        <enterpriseSymbolCorrected xsi:type="a:Expression">ri!enterprise.symbol</enterpriseSymbolCorrected>
                        <inputFile xsi:nil="true" xsi:type="a:CollaborationDocument"/>
                    </instructions>
                </state>
                <connectedSystemTemplateKey xsi:type="xsd:string"/>
            </a:Dictionary>
        </configParameters>
        <isWrite>true</isWrite>
        <integrationType>plugin.[AppianRPA].[AppianRPA].[AppianRPAExecuteRobotIntegration].WRITE</integrationType>
        <connectedSystemUuid>_a-0000e49d-1421-8000-9baf-011c48011c48_19634</connectedSystemUuid>
        <isConnectedSystemConnectionOptionSelected>true</isConnectedSystemConnectionOptionSelected>
        <integrationOutputs>
            <a:Dictionary xmlns:xsd="http://www.w3.org/2001/XMLSchema" xmlns:xsi="http://www.w3.org/2001/XMLSchema-instance">
                <outputs xsi:type="a:IntegrationOutput?list"/>
            </a:Dictionary>
        </integrationOutputs>
    </outboundIntegration>
    <roleMap public="true">
        <role inherit="true" allowForAll="false" name="readers">
            <users/>
            <groups/>
        </role>
        <role inherit="true" allowForAll="false" name="authors">
            <users/>
            <groups/>
        </role>
        <role inherit="true" allowForAll="false" name="administrators">
            <users/>
            <groups/>
        </role>
        <role inherit="false" allowForAll="false" name="denyReaders">
            <users/>
            <groups/>
        </role>
        <role inherit="false" allowForAll="false" name="denyAuthors">
            <users/>
            <groups/>
        </role>
        <role inherit="false" allowForAll="false" name="denyAdministrators">
            <users/>
            <groups/>
        </role>
    </roleMap>
    <typedValue>
        <type>
            <name>RuleTestConfig?list</name>
            <namespace>http://www.appian.com/ae/types/2009</namespace>
        </type>
        <value>
            <el>
                <a:name/>
                <a:ruleInputTestConfigs>
                    <a:value xmlns:xsd="http://www.w3.org/2001/XMLSchema" xmlns:xsi="http://www.w3.org/2001/XMLSchema-instance" xsi:type="xsd:string"/>
                    <a:nameRef>enterprise</a:nameRef>
                    <a:id/>
                </a:ruleInputTestConfigs>
                <a:assertions xmlns:xsi="http://www.w3.org/2001/XMLSchema-instance" xsi:nil="true"/>
            </el>
        </value>
    </typedValue>
    <history>
        <historyInfo versionUuid="_a-0000e529-5750-8000-9bc8-011c48011c48_73158"/>
        <historyInfo versionUuid="_a-0000e529-5750-8000-9bc8-011c48011c48_73253"/>
    </history>
</contentHaul>
