<?xml version="1.0" encoding="UTF-8" standalone="yes"?>
<contentHaul xmlns:a="http://www.appian.com/ae/types/2009">
    <versionUuid>_a-0000e49d-1421-8000-9baf-011c48011c48_16712</versionUuid>
    <decision>
        <name>Nasdaq_SubResults</name>
        <uuid>ad62c864-6418-4bb4-a745-f0dcbc36e7ac</uuid>
        <description></description>
        <parentUuid>_a-0000e491-8aa5-8000-9bad-011c48011c48_16111</parentUuid>
        <visibility>
            <advertise>false</advertise>
            <hierarchy>true</hierarchy>
            <indexable>true</indexable>
            <quota>false</quota>
            <searchable>true</searchable>
            <system>false</system>
            <unlogged>false</unlogged>
        </visibility>
        <definition>fn!override_exception_appian_internal(fn!with(local!decisiondefinition: a!decisiondesigner_cache(uuid: "ad62c864-6418-4bb4-a745-f0dcbc36e7ac",versionKey: "287d86fb-8282-4d96-983a-2bb28b8522ab",value: #"SYSTEM_SYSRULES_dd_dd"('hitPolicy': #"SYSTEM_SYSRULES_dd_dhp"("UNIQUE"), 'inputs': {#"SYSTEM_SYSRULES_dd_di"('name': "changePercent", 'type': 'type!{http://www.appian.com/ae/types/2009}Decimal', 'id': 1, 'restrictionType': #"SYSTEM_SYSRULES_dd_dirt"("NONE"))}, 'outputs': {#"SYSTEM_SYSRULES_dd_do"('id': 1, 'name': "subResult", 'type': 'type!{http://www.appian.com/ae/types/2009}Text', 'restrictionType': #"SYSTEM_SYSRULES_dd_dort"("LOOKUP"), 'restriction': #"SYSTEM_SYSRULES_dd_dorl"('allowedLabels': {"HIGH_INCREASE", "MEDIUM_INCREASE", "LOW_INCREASE", "NO_CHANGES", "LOW_DECREASE", "MEDIUM_DECREASE", "HIGH_DECREASE"}, 'allowedValues': {"HIGH_INCREASE", "MEDIUM_INCREASE", "LOW_INCREASE", "NO_CHANGES", "LOW_DECREASE", "MEDIUM_DECREASE", "HIGH_DECREASE"}), 'returnListType': false)}, 'rules': {#"SYSTEM_SYSRULES_dd_dr"('id': 1, 'inputs': {#"SYSTEM_SYSRULES_dd_dri"('id': 1, 'decisionInputId': 1, 'operator': #"SYSTEM_SYSRULES_dd_dop"('operator': #"SYSTEM_SYSRULES_dd_dopt"("GREATER_THAN"), 'value1': 1.0))}, 'outputs': {#"SYSTEM_SYSRULES_dd_dro"('id': 1, 'decisionOutputId': 1, 'value': "HIGH_INCREASE")}, 'annotation': "High increase in pricing"), #"SYSTEM_SYSRULES_dd_dr"('id': 2, 'inputs': {#"SYSTEM_SYSRULES_dd_dri"('id': 3, 'decisionInputId': 1, 'operator': #"SYSTEM_SYSRULES_dd_dop"('operator': #"SYSTEM_SYSRULES_dd_dopt"("BETWEEN_INCLUSIVE"), 'value1': 0.5, 'value2': 1.0))}, 'outputs': {#"SYSTEM_SYSRULES_dd_dro"('id': 2, 'decisionOutputId': 1, 'value': "MEDIUM_INCREASE")}, 'annotation': "Medium increase in pricing"), #"SYSTEM_SYSRULES_dd_dr"('id': 3, 'inputs': {#"SYSTEM_SYSRULES_dd_dri"('id': 5, 'decisionInputId': 1, 'operator': #"SYSTEM_SYSRULES_dd_dop"('operator': #"SYSTEM_SYSRULES_dd_dopt"("BETWEEN_EXCLUSIVE"), 'value1': 0.0, 'value2': 0.5))}, 'outputs': {#"SYSTEM_SYSRULES_dd_dro"('id': 3, 'decisionOutputId': 1, 'value': "LOW_INCREASE")}, 'annotation': "Low Increase in pricing"), #"SYSTEM_SYSRULES_dd_dr"('id': 8, 'inputs': {#"SYSTEM_SYSRULES_dd_dri"('id': 12, 'decisionInputId': 1, 'operator': #"SYSTEM_SYSRULES_dd_dop"('operator': #"SYSTEM_SYSRULES_dd_dopt"("EQUALS"), 'value1': 0.0))}, 'outputs': {#"SYSTEM_SYSRULES_dd_dro"('id': 8, 'decisionOutputId': 1, 'value': "NO_CHANGES")}, 'annotation': "No changes in pricing"), #"SYSTEM_SYSRULES_dd_dr"('id': 5, 'inputs': {#"SYSTEM_SYSRULES_dd_dri"('id': 9, 'decisionInputId': 1, 'operator': #"SYSTEM_SYSRULES_dd_dop"('operator': #"SYSTEM_SYSRULES_dd_dopt"("BETWEEN_EXCLUSIVE"), 'value1': -0.5, 'value2': -1.0E-5))}, 'outputs': {#"SYSTEM_SYSRULES_dd_dro"('id': 5, 'decisionOutputId': 1, 'value': "LOW_DECREASE")}, 'annotation': "Low decrease in pricing"), #"SYSTEM_SYSRULES_dd_dr"('id': 6, 'inputs': {#"SYSTEM_SYSRULES_dd_dri"('id': 10, 'decisionInputId': 1, 'operator': #"SYSTEM_SYSRULES_dd_dop"('operator': #"SYSTEM_SYSRULES_dd_dopt"("BETWEEN_INCLUSIVE"), 'value1': -1.0, 'value2': -0.5))}, 'outputs': {#"SYSTEM_SYSRULES_dd_dro"('id': 6, 'decisionOutputId': 1, 'value': "MEDIUM_DECREASE")}, 'annotation': "Medium decrease in pricing"), #"SYSTEM_SYSRULES_dd_dr"('id': 7, 'inputs': {#"SYSTEM_SYSRULES_dd_dri"('id': 11, 'decisionInputId': 1, 'operator': #"SYSTEM_SYSRULES_dd_dop"('operator': #"SYSTEM_SYSRULES_dd_dopt"("LESS_THAN"), 'value1': -1.0))}, 'outputs': {#"SYSTEM_SYSRULES_dd_dro"('id': 7, 'decisionOutputId': 1, 'value': "HIGH_DECREASE")}, 'annotation': "High decrease in pricing")}, 'isUnique': true, 'defaultOutputs': {#"SYSTEM_SYSRULES_dd_dro"('id': 1, 'decisionOutputId': 1)})),#"SYSTEM_SYSRULES_dd_exr"(decisionDefinition:local!decisiondefinition,executionInputs:{#"SYSTEM_SYSRULES_dd_dei"(decisionInputId:1,value:'ri!changePercent')})))</definition>
        <namedTypedValue>
            <name>changePercent</name>
            <type>
                <name>double</name>
                <namespace>http://www.w3.org/2001/XMLSchema</namespace>
            </type>
        </namedTypedValue>
        <preferredEditor>legacy</preferredEditor>
        <offlineEnabled>false</offlineEnabled>
        <outputMetadataList>
            <outputMetadata>
                <outputId>1</outputId>
                <nameRef>subResult</nameRef>
                <allowedLabelsExpr></allowedLabelsExpr>
                <allowedValuesExpr></allowedValuesExpr>
                <typeName>{http://www.appian.com/ae/types/2009}Text</typeName>
            </outputMetadata>
        </outputMetadataList>
        <hitPolicy>UNIQUE</hitPolicy>
    </decision>
    <roleMap public="true">
        <role inherit="true" allowForAll="false" name="readers">
            <users/>
            <groups/>
        </role>
        <role inherit="true" allowForAll="false" name="authors">
            <users/>
            <groups/>
        </role>
        <role inherit="true" allowForAll="false" name="administrators">
            <users/>
            <groups/>
        </role>
        <role inherit="false" allowForAll="false" name="denyReaders">
            <users/>
            <groups/>
        </role>
        <role inherit="false" allowForAll="false" name="denyAuthors">
            <users/>
            <groups/>
        </role>
        <role inherit="false" allowForAll="false" name="denyAdministrators">
            <users/>
            <groups/>
        </role>
    </roleMap>
    <history>
        <historyInfo versionUuid="_a-0000e49d-1421-8000-9baf-011c48011c48_16712"/>
    </history>
</contentHaul>
