{"auditUser":"dev.lab.admin","auditIp":"37.222.85.182, 172.17.74.197","auditTimestamp":"2020-05-06 16:23:06","creationTS":1586172426241,"id":"5eb2be38e4b08994675a252c","uniqueId":"5eb2be38e4b08994675a252d","removedTimestamp":0,"name":"snippets-api-rest-advani","spokenName":"","expressions":{},"environment":{"itemID":"3346","endpoint":"/rest/oo/queue/resubmit/item","consoleUrl":"https://rpa-coe-lab.appiancloud.com/rpa"},"variables":{},"itemsName":"items","description":"Retrieve a queue item marked as \"FINISHED_WARN\" by ID Code, set three new attempts to the queue item and finally mark it as \"PENDING\". An error will be thrown if the Item does not exist, or the Status is not marked as \"FINISHED_WARN\".","involvedSystems":"","inputExpected":"","outputExpected":"","disabled":false,"testing":false,"minimumLogLevel":"TRACE","priority":"NORMAL","simultaneousRunning":0,"restrictHours":false,"restrictHoursSchedule":{"auditUser":null,"auditIp":null,"auditTimestamp":null,"creationTS":1588782186453,"id":null,"robotName":null,"description":"","active":false,"color":"#000000","minutes":{"type":"WHEN","every":0,"whenText":null,"when":[]},"hours":{"type":"WHEN","every":0,"whenText":null,"when":[]},"days":{"type":"WHEN","every":0,"whenText":null,"when":[]},"daysOfWeek":{"type":"WHEN","every":0,"whenText":null,"when":[]},"instructions":[],"executionsToLaunch":1},"removeOldArtifacts":0,"removeOldArtifactsTimestamp":-1,"subResultTexts":{"RED":"","CYAN":"","LIME":"","CORAL":"","OLIVE":"","INDIGO":"","MAGENTA":"","CHOCOLATE":"","DARK_GRAY":"","LIGHT_GRAY":""},"lastExecution":1588781724201,"lastRobotLogId":"9701","robotBuilderConfig":{"auditUser":null,"auditIp":null,"auditTimestamp":null,"creationTS":1586172426241,"id":null,"repository":"https://rpa-coe-lab.appiancloud.com/rpa-repo/repository/jidoka/","group":"com.appian.rpa.robot.restapi","robot":"rest-api-example","version":"0.0.1","url":null,"mainClass":"com.appian.rpa.robot.restapi.RestApiRobot","removedTimestamp":0,"color":"#000000","labels":["isidro.omenac","apiKey","javier.advani"],"instructions":[],"technology":"JAVA","autoHotkey":{"executable":"","version":""},"autoIt":{"executable":"","version":""},"persist":true},"labels":["isidro.omenac","apiKey","javier.advani"]}