<?xml version="1.0" encoding="UTF-8" standalone="yes"?>
<processModelFolderHaul xmlns:a="http://www.appian.com/ae/types/2009">
    <versionUuid>_g-0000e50e-40e1-8000-0019-7f0000014e7a_132</versionUuid>
    <processModelFolder>
        <name>Nasdaq Process Model</name>
        <uuid>_g-0000e50e-40e1-8000-0019-7f0000014e7a_129</uuid>
        <description>Folder for Nasdaq Process Models</description>
    </processModelFolder>
    <roleMap>
        <role name="ADMIN_OWNER">
            <users/>
            <groups>
                <groupUuid>_e-0000e491-8aa5-8000-9afa-01075c01075c_199</groupUuid>
            </groups>
        </role>
        <role name="EDITOR">
            <users/>
            <groups/>
        </role>
        <role name="EXPLICIT_NONMEMBER">
            <users/>
            <groups/>
        </role>
        <role name="VIEWER">
            <users/>
            <groups/>
        </role>
        <role name="MANAGER">
            <users/>
            <groups/>
        </role>
        <role name="INITIATOR">
            <users/>
            <groups/>
        </role>
    </roleMap>
    <history>
        <historyInfo versionUuid="_g-0000e50e-40e1-8000-0019-7f0000014e7a_132"/>
    </history>
</processModelFolderHaul>
