{"auditUser":"dev.lab.admin","auditIp":"37.222.85.182","auditTimestamp":"2020-05-12 11:31:02","creationTS":1589283062693,"id":"5eb28d91e4b08994675a251a","removedTimestamp":0,"shapes":[{"id":"awe-key-f-Main1","type":"ELLIPSE","x":100,"y":100,"width":50,"height":50,"text":"Init","action":null,"parameters":null,"returnClazz":null,"actions":[{"action":"init","paramsValues":[],"returnClazz":""}]},{"id":"awe-key-f-Main17","type":"ELLIPSE","x":101,"y":272,"width":50,"height":50,"text":"End","action":null,"parameters":null,"returnClazz":null,"actions":[{"action":"end","paramsValues":[],"returnClazz":""}]},{"id":"awe-key-f-Main33","type":"RECT","x":251,"y":50,"width":100,"height":100,"text":"Login App","action":null,"parameters":null,"returnClazz":null,"actions":[{"action":"loginApp","paramsValues":[],"returnClazz":""}]},{"id":"awe-key-f-Main49","type":"RECT","x":480,"y":50,"width":100,"height":100,"text":"Do Actions","action":null,"parameters":null,"returnClazz":null,"actions":[{"action":"doActions","paramsValues":[],"returnClazz":""}]},{"id":"awe-key-f-Main65","type":"RECT","x":482,"y":222,"width":100,"height":100,"text":"Close App","action":null,"parameters":null,"returnClazz":null,"actions":[{"action":"closeApp","paramsValues":[],"returnClazz":""}]},{"id":"awe-key-f-Main81","type":"RHOMB","x":732,"y":50,"width":100,"height":100,"text":"Has more |items?","action":null,"parameters":null,"returnClazz":null,"actions":[{"action":"hasMoreItems","paramsValues":[],"returnClazz":""}]}],"arrows":[{"origin":"awe-key-f-Main1","originSide":"E","destination":"awe-key-f-Main33","destinationSide":"W","text":""},{"origin":"awe-key-f-Main33","originSide":"E","destination":"awe-key-f-Main49","destinationSide":"W","text":""},{"origin":"awe-key-f-Main49","originSide":"E","destination":"awe-key-f-Main81","destinationSide":"W","text":""},{"origin":"awe-key-f-Main81","originSide":"S","destination":"awe-key-f-Main65","destinationSide":"E","text":"no"},{"origin":"awe-key-f-Main81","originSide":"N","destination":"awe-key-f-Main49","destinationSide":"N","text":"yes"},{"origin":"awe-key-f-Main65","originSide":"W","destination":"awe-key-f-Main17","destinationSide":"E","text":""}],"notes":[],"sections":[],"libraries":[],"persist":true}