{"id":"PDFLibrary","robotType":"NANO","mainClass":"com.appian.rpa.snippets.libraries.PDFLibrary","actions":["init","addNewPage","closeDocument","cleanUp"],"conditionalActions":[],"fieldLinks":[],"actionDetails":[{"id":"init","implementation":"/**\n\t * Initialize libraries\n\t * \n\t * @throws JidokaFatalException\n\t */\npublic void init() throws Exception {\n    server = JidokaFactory.getServer();\n    document = null;\n}"},{"id":"addNewPage","implementation":"/**\n\t * Add a new page to a PDF document\n\t */\n@JidokaMethod(name = \"Add new page\", description = \"Add a new page to a PDF document.\")\npublic void addNewPage() {\n    if (document == null) {\n        document = new  PDDocument();\n    }\n    page = new  PDPage();\n    document.addPage(page);\n}"},{"id":"closeDocument","implementation":"/**\n\t * This method close the object document\n\t */\n@JidokaMethod(name = \"Close document\", description = \"Close PDF document\")\npublic void closeDocument() {\n    try {\n        document.close();\n    } catch (IOException e) {\n        throw new  JidokaFatalException(\"Error closing document.\", e);\n    }\n}"},{"id":"cleanUp","implementation":"No source code available"}],"conditionalActionDetails":[],"sdkMethods":[{"id":"create","returnClazz":"void","attributes":{"name":"Create","description":"Creates a new PDF","iconClass":"jf-console"},"parameters":[{"id":"File name * ","clazz":"String","enumValues":[],"attributes":{"defaultValue":"","name":"File name * "}}]},{"id":"extractFileText","returnClazz":"void","attributes":{"name":"Extract Text from PDF","description":"Extracts the text from the PDF document that has been passed as an intruction to the robot.","iconClass":"jf-console"},"parameters":[{"id":"Instruction name * ","clazz":"String","enumValues":[],"attributes":{"name":"Instruction name * "}},{"id":"Process variable where the text will be saved * ","clazz":"String","enumValues":[],"attributes":{"name":"Process variable where the text will be saved * "}}]},{"id":"addContent","returnClazz":"void","attributes":{"name":"Add new content","description":"Add a new content to the actual page.","iconClass":"jf-console"},"parameters":[{"id":"Content to add * ","clazz":"String","enumValues":[],"attributes":{"defaultValue":"","name":"Content to add * "}}]},{"id":"closeDocument","returnClazz":"void","attributes":{"returnClass":"AS_DEFINED","name":"Close document","description":"Close PDF document","iconClass":"jf-console"},"parameters":[]},{"id":"addNewPage","returnClazz":"void","attributes":{"returnClass":"AS_DEFINED","name":"Add new page","description":"Add a new page to a PDF document.","iconClass":"jf-console"},"parameters":[]}]}