{"auditUser":"isidro.omenac","auditIp":"159.147.39.148","auditTimestamp":"2020-05-20 07:53:12","creationTS":1589892478497,"id":"5ec3d57ee4b08994675a28f9","uniqueId":"5ec3d57ee4b08994675a28fa","removedTimestamp":0,"name":"robot-snippet-excel-queue-manager","spokenName":"","expressions":{},"environment":{},"variables":{},"itemsName":"items","description":"","involvedSystems":"","inputExpected":"","outputExpected":"","disabled":false,"testing":false,"minimumLogLevel":"TRACE","priority":"NORMAL","simultaneousRunning":0,"restrictHours":false,"restrictHoursSchedule":{"auditUser":null,"auditIp":null,"auditTimestamp":null,"creationTS":1589961192475,"id":null,"robotName":null,"description":"","active":false,"color":"#000000","minutes":{"type":"WHEN","every":0,"whenText":null,"when":[]},"hours":{"type":"WHEN","every":0,"whenText":null,"when":[]},"days":{"type":"WHEN","every":0,"whenText":null,"when":[]},"daysOfWeek":{"type":"WHEN","every":0,"whenText":null,"when":[]},"instructions":[],"executionsToLaunch":1},"removeOldArtifacts":0,"removeOldArtifactsTimestamp":-1,"subResultTexts":{"RED":"","CYAN":"","LIME":"","CORAL":"","OLIVE":"","INDIGO":"","MAGENTA":"","CHOCOLATE":"","DARK_GRAY":"","LIGHT_GRAY":""},"lastExecution":1589959375816,"lastRobotLogId":"10604","robotBuilderConfig":{"auditUser":null,"auditIp":null,"auditTimestamp":null,"creationTS":1589892478497,"id":null,"repository":"https://rpa-coe-lab.appiancloud.com/rpa-repo/repository/jidoka/","group":"com.appian.rpa.snippets.examples","robot":"robot-snippet-excel-queue-manager","version":"0.0.1","url":null,"mainClass":"com.appian.rpa.snippets.examples.queuemanager.SearchRobot","removedTimestamp":0,"color":"#000000","labels":["snippet-official","chrome-latest"],"instructions":[{"name":"inputFile","description":"Input file to create the queue","type":"FILE","defaultValue":null,"required":false}],"technology":"JAVA","autoHotkey":{"executable":"","version":""},"autoIt":{"executable":"","version":""},"persist":true},"labels":["snippet-official","chrome-latest"]}