{"auditUser":"isidro.omenac","auditIp":"159.147.39.148","auditTimestamp":"2020-05-20 07:53:12","creationTS":1589961192490,"id":"5ec3d57ee4b08994675a28f9","removedTimestamp":0,"shapes":[{"id":"awe-key-f-Main1","type":"ELLIPSE","x":118,"y":121,"width":50,"height":50,"text":"Start","action":null,"parameters":null,"returnClazz":null,"actions":[{"action":"start","paramsValues":[],"returnClazz":""}]},{"id":"awe-key-f-Main17","type":"ELLIPSE","x":122,"y":275,"width":50,"height":50,"text":"End","action":null,"parameters":null,"returnClazz":null,"actions":[{"action":"end","paramsValues":[],"returnClazz":""}]},{"id":"awe-key-f-Main33","type":"RECT","x":478,"y":71,"width":100,"height":100,"text":"Open Browser","action":null,"parameters":null,"returnClazz":null,"actions":[{"action":"openBrowser","paramsValues":[],"returnClazz":""}]},{"id":"awe-key-f-Main49","type":"RECT","x":819,"y":225,"width":100,"height":100,"text":"Search term","action":null,"parameters":null,"returnClazz":null,"actions":[{"action":"searchTerm","paramsValues":[],"returnClazz":""}]},{"id":"awe-key-f-Main65","type":"RECT","x":272,"y":71,"width":100,"height":100,"text":"Assign Queue","action":null,"parameters":null,"returnClazz":null,"actions":[{"action":"assignQueue","paramsValues":[],"returnClazz":""}]},{"id":"awe-key-f-Main81","type":"RECT","x":819,"y":389,"width":100,"height":100,"text":"Update|Queue Item","action":null,"parameters":null,"returnClazz":null,"actions":[{"action":"updateQueueItem","paramsValues":[],"returnClazz":""}]},{"id":"awe-key-f-Main97","type":"RECT","x":426,"y":225,"width":100,"height":100,"text":"Close Queue","action":null,"parameters":null,"returnClazz":null,"actions":[{"action":"closeQueue","paramsValues":[],"returnClazz":""}]},{"id":"awe-key-f-Main113","type":"RHOMB","x":683,"y":225,"width":100,"height":100,"text":"Has more |items?","action":null,"parameters":null,"returnClazz":null,"actions":[{"action":"hasMoreItems","paramsValues":[],"returnClazz":""}]}],"arrows":[{"origin":"awe-key-f-Main113","originSide":"E","destination":"awe-key-f-Main49","destinationSide":"W","text":"yes"},{"origin":"awe-key-f-Main49","originSide":"S","destination":"awe-key-f-Main81","destinationSide":"N","text":""},{"origin":"awe-key-f-Main81","originSide":"W","destination":"awe-key-f-Main113","destinationSide":"S","text":""},{"origin":"awe-key-f-Main113","originSide":"W","destination":"awe-key-f-Main97","destinationSide":"E","text":"no"},{"origin":"awe-key-f-Main97","originSide":"W","destination":"awe-key-f-Main17","destinationSide":"E","text":""},{"origin":"awe-key-f-Main1","originSide":"E","destination":"awe-key-f-Main65","destinationSide":"W","text":""},{"origin":"awe-key-f-Main65","originSide":"E","destination":"awe-key-f-Main33","destinationSide":"W","text":""},{"origin":"awe-key-f-Main33","originSide":"E","destination":"awe-key-f-Main113","destinationSide":"N","text":""}],"notes":[],"sections":[],"libraries":[],"persist":true}