{"auditUser":"dev.lab.admin","auditIp":"37.222.85.182","auditTimestamp":"2020-05-13 15:30:15","creationTS":1589383815480,"id":"5eb2be38e4b08994675a252c","removedTimestamp":0,"shapes":[{"id":"awe-key-f-Main1","type":"ELLIPSE","x":227,"y":135,"width":50,"height":50,"text":"init","action":null,"parameters":null,"returnClazz":null,"actions":[{"action":"start","paramsValues":null,"returnClazz":null}]},{"id":"awe-key-f-Main17","type":"ELLIPSE","x":613,"y":135,"width":50,"height":50,"text":"end","action":null,"parameters":null,"returnClazz":null,"actions":[{"action":"end","paramsValues":[],"returnClazz":""}]},{"id":"awe-key-f-Main33","type":"RECT","x":369,"y":85,"width":100,"height":100,"text":"Reset retry| number","action":null,"parameters":null,"returnClazz":null,"actions":[{"action":"resetRetryNumber","paramsValues":[],"returnClazz":""}]}],"arrows":[{"origin":"awe-key-f-Main1","originSide":"E","destination":"awe-key-f-Main33","destinationSide":"W","text":""},{"origin":"awe-key-f-Main33","originSide":"E","destination":"awe-key-f-Main17","destinationSide":"W","text":""}],"notes":[],"sections":[],"libraries":[],"persist":true}