{"auditUser":"isidro.omenac","auditIp":"188.85.83.119","auditTimestamp":"2020-05-06 09:58:49","creationTS":1586172426241,"id":"5e8b120ae4b08f477f06bd1f","uniqueId":"5e8b120ae4b08f477f06bd20","removedTimestamp":0,"name":"snippets-api-rest","spokenName":"","expressions":{},"environment":{"endpoint":"/rest/oo/queue/resubmit/item","consoleUrl":"https://rpa-coe-lab.appiancloud.com/rpa"},"variables":{},"itemsName":"items","description":"","involvedSystems":"","inputExpected":"","outputExpected":"","disabled":false,"testing":false,"minimumLogLevel":"TRACE","priority":"NORMAL","simultaneousRunning":0,"restrictHours":false,"restrictHoursSchedule":{"auditUser":null,"auditIp":null,"auditTimestamp":null,"creationTS":1588234613213,"id":null,"robotName":null,"description":"","active":false,"color":"#000000","minutes":{"type":"WHEN","every":0,"whenText":null,"when":[]},"hours":{"type":"WHEN","every":0,"whenText":null,"when":[]},"days":{"type":"WHEN","every":0,"whenText":null,"when":[]},"daysOfWeek":{"type":"WHEN","every":0,"whenText":null,"when":[]},"instructions":[],"executionsToLaunch":1},"removeOldArtifacts":0,"removeOldArtifactsTimestamp":-1,"subResultTexts":{"RED":"","CYAN":"","LIME":"","CORAL":"","OLIVE":"","INDIGO":"","MAGENTA":"","CHOCOLATE":"","DARK_GRAY":"","LIGHT_GRAY":""},"lastExecution":1587654852785,"lastRobotLogId":"8772","robotBuilderConfig":{"auditUser":null,"auditIp":null,"auditTimestamp":null,"creationTS":1586172426241,"id":null,"repository":"https://rpa-coe-lab.appiancloud.com/rpa-repo/repository/jidoka/","group":"com.appian.robot.snippets.isidroOmenac","robot":"snippets-isidro.omenac","version":"0.0.1","url":null,"mainClass":"com.novayre.jidoka.robot.snippets.robots.restapi.ApiRestRobot","removedTimestamp":0,"color":"#000000","labels":["isidro.omenac","apiKey","javier.advani"],"instructions":[],"technology":"JAVA","autoHotkey":{"executable":"","version":""},"autoIt":{"executable":"","version":""},"persist":true},"labels":["isidro.omenac","apiKey","javier.advani"]}