{"auditUser":"isidro.omenac","auditIp":"188.85.83.119","auditTimestamp":"2020-05-06 09:58:49","creationTS":1588234613233,"id":"5e8b120ae4b08f477f06bd1f","removedTimestamp":0,"shapes":[{"id":"awe-key-f-Main1","type":"ELLIPSE","x":227,"y":135,"width":50,"height":50,"text":"init","action":null,"parameters":null,"returnClazz":null,"actions":[{"action":"init","paramsValues":[],"returnClazz":""}]},{"id":"awe-key-f-Main17","type":"ELLIPSE","x":613,"y":135,"width":50,"height":50,"text":"end","action":null,"parameters":null,"returnClazz":null,"actions":[{"action":"end","paramsValues":[],"returnClazz":""}]},{"id":"awe-key-f-Main33","type":"RECT","x":369,"y":85,"width":100,"height":100,"text":"Reset retry| number","action":null,"parameters":null,"returnClazz":null,"actions":[{"action":"resetRetryNumber","paramsValues":[],"returnClazz":""}]}],"arrows":[{"origin":"awe-key-f-Main1","originSide":"E","destination":"awe-key-f-Main33","destinationSide":"W","text":""},{"origin":"awe-key-f-Main33","originSide":"E","destination":"awe-key-f-Main17","destinationSide":"W","text":""}],"notes":[],"sections":[],"libraries":[],"persist":true}