<?xml version="1.0" encoding="UTF-8" standalone="yes"?>
<webApiHaul xmlns:a="http://www.appian.com/ae/types/2009">
    <versionUuid>107907e1-7da7-4d84-b7e7-99cf49b682dc</versionUuid>
    <webApi a:uuid="2096088a-449c-4709-8f21-834d556f775a" name="Nasdaq-calculateSubResults">
        <a:description></a:description>
        <a:expression>#"SYSTEM_SYSRULES_httpResponse_v1"(
  /*
  * The 'statusCode' parameter is a number that represents the HTTP status code
  * of the response. If no status code is specified, a default of '200' is used,
  * meaning that the request was successful.
  */
  statusCode: 200,

  /*
  * The 'headers' parameter is a list of HTTP headers to include on the response.
  * HTTP headers should be built with 'a!httpHeader()'.
  */
  headers: {},

  /*
  * The 'body' parameter is the text that will be included in the HTTP response's
  * body.
  */
  body: #"ad62c864-6418-4bb4-a745-f0dcbc36e7ac"(changePercent:  http!request.queryParameters.changePercent)
)</a:expression>
        <a:urlAlias>calculateSubResults</a:urlAlias>
        <a:httpMethod>GET</a:httpMethod>
        <a:system>false</a:system>
        <a:requestBodyType>NONE</a:requestBodyType>
    </webApi>
    <roleMap>
        <role name="web_api_administrator">
            <users/>
            <groups>
                <groupUuid>_e-0000e491-8aa5-8000-9afa-01075c01075c_199</groupUuid>
            </groups>
        </role>
    </roleMap>
    <typedValue>
        <type>
            <name>WebApiRequest?list</name>
            <namespace>http://www.appian.com/ae/types/2009</namespace>
        </type>
        <value>
            <el>
                <a:path/>
                <a:queryParameters>
                    <a:name>pricingChange</a:name>
                    <a:value>0.5</a:value>
                </a:queryParameters>
                <a:body/>
            </el>
        </value>
    </typedValue>
    <history>
        <historyInfo versionUuid="107907e1-7da7-4d84-b7e7-99cf49b682dc"/>
    </history>
</webApiHaul>
