<?xml version="1.0" encoding="UTF-8" standalone="yes"?>
<webApiHaul xmlns:a="http://www.appian.com/ae/types/2009">
    <versionUuid>114c8467-c8f5-4cb2-ae24-301dd55e6b73</versionUuid>
    <webApi a:uuid="cdc8f1a8-48e3-4d51-9bf7-e1e88ed7034d" name="Nasdaq_DocumentUpload">
        <a:description>Screen Shots upload</a:description>
        <a:expression>a!localVariables(
  /* Check whether the request body contains a document */
  local!success: not(isnull(http!request.body)),

  if(
    local!success,
    #"SYSTEM_SYSRULES_httpResponse_v1"(
      statusCode: 200,
      headers: {
        #"SYSTEM_SYSRULES_httpHeader"(name: "Content-Type", value: "application/json")
      },
      body: #"SYSTEM_SYSRULES_toJson_v1"({
        documentId: document(http!request.body, "id")
      })
    ),

    /*If no document was uploaded, return an error code*/
    #"SYSTEM_SYSRULES_httpResponse_v1"(
      statusCode: 400,
      headers: {},
      body: "400 Document Not Provided"
    )
  )
)</a:expression>
        <a:urlAlias>Nasdaq_DocumentUpload</a:urlAlias>
        <a:httpMethod>POST</a:httpMethod>
        <a:system>false</a:system>
        <a:requestBodyType>BINARY</a:requestBodyType>
        <a:receiveDocumentsFolderUuid>_a-0000e50e-40e1-8000-9bbe-011c48011c48_64865</a:receiveDocumentsFolderUuid>
    </webApi>
    <roleMap>
        <role name="web_api_administrator">
            <users/>
            <groups>
                <groupUuid>_e-0000e491-8aa5-8000-9afa-01075c01075c_199</groupUuid>
            </groups>
        </role>
    </roleMap>
    <typedValue>
        <type>
            <name>WebApiRequest?list</name>
            <namespace>http://www.appian.com/ae/types/2009</namespace>
        </type>
        <value>
            <el>
                <a:path/>
                <a:headers>
                    <a:name>Appian-Document-Name</a:name>
                    <a:value>Profile Picture.jpg</a:value>
                </a:headers>
                <a:body/>
            </el>
        </value>
    </typedValue>
    <history>
        <historyInfo versionUuid="114c8467-c8f5-4cb2-ae24-301dd55e6b73"/>
    </history>
</webApiHaul>
